priority,tier,iata,city,region,country,airport_name,note,clue
1,1,TIA,Rinas,AL-02,Albania,Tirana International Airport Mother Teresa,,
1,1,ALG,Algiers,DZ-16,Algeria,Houari Boumediene Airport,,
1,1,AEP,Buenos Aires,AR-C,Argentina,Aeroparque Jorge Newbery,,
1,1,EZE,Buenos Aires (Ezeiza),AR-B,Argentina,Ezeiza International Airport - Ministro Pistarini,check city name,
1,1,AUA,Oranjestad,AW-U-A,Aruba,Queen Beatrix International Airport,,
1,1,ADL,Adelaide,AU-SA,Australia,Adelaide International Airport,,
1,1,BNE,Brisbane,AU-QLD,Australia,Brisbane International Airport,,
1,1,CNS,Cairns,AU-QLD,Australia,Cairns International Airport,,
1,1,DRW,Darwin,AU-NT,Australia,Darwin International Airport / RAAF Darwin,,
1,1,OOL,Gold Coast,AU-QLD,Australia,Gold Coast Airport,,
1,1,HBA,Hobart (Cambridge),AU-TAS,Australia,Hobart International Airport,check city name,
1,1,MEL,Melbourne,AU-VIC,Australia,Melbourne Airport,,
1,1,PER,Perth,AU-WA,Australia,Perth International Airport,,
1,1,SYD,Sydney (Mascot),AU-NSW,Australia,Sydney Kingsford Smith International Airport,check city name,
1,1,VIE,Vienna,AT-9,Austria,Vienna International Airport,,
1,1,NAS,Nassau,BS-NP,Bahamas,Lynden Pindling International Airport,,
1,1,BAH,Manama,BH-15,Bahrain,Bahrain International Airport,,
1,1,DAC,Dhaka,BD-3,Bangladesh,Hazrat Shahjalal International Airport,,
1,1,BGI,Bridgetown,BB-01,Barbados,Grantley Adams International Airport,,
1,1,BRU,Zaventem,BE-VBR,Belgium,Brussels Airport,,
1,1,LPB,La Paz / El Alto,BO-L,Bolivia,El Alto International Airport,,
1,1,CNF,Belo Horizonte,BR-MG,Brazil,Tancredo Neves International Airport,,
1,1,BSB,Brasília,BR-DF,Brazil,Presidente Juscelino Kubitschek International Airport,,
1,1,FOR,Fortaleza,BR-CE,Brazil,Pinto Martins International Airport,,
1,1,REC,Recife,BR-PE,Brazil,Recife/Guararapes - Gilberto Freyre International Airport,,
1,1,SDU,Rio de Janeiro,BR-RJ,Brazil,Santos Dumont Airport,,
1,1,GIG,Rio De Janeiro,BR-RJ,Brazil,Rio Galeão – Tom Jobim International Airport,,
1,1,SSA,Salvador,BR-BA,Brazil,Deputado Luiz Eduardo Magalhães International Airport,,
1,1,GRU,São Paulo,BR-SP,Brazil,São Paulo/Guarulhos–Governor André Franco Montoro International Airport,,
1,1,CGH,São Paulo,BR-SP,Brazil,Congonhas–Deputado Freitas Nobre Airport,,
1,1,SOF,Sofia,BG-22,Bulgaria,Sofia Airport,,
1,1,YYC,Calgary,CA-AB,Canada,Calgary International Airport,,
1,1,YEG,Edmonton,CA-AB,Canada,Edmonton International Airport,,
1,1,YHZ,Halifax,CA-NS,Canada,Halifax / Stanfield International Airport,,
1,1,YUL,Montréal,CA-QC,Canada,Montreal / Pierre Elliott Trudeau International Airport,,
1,1,YOW,Ottawa,CA-ON,Canada,Ottawa Macdonald-Cartier International Airport,,
1,1,YQB,Quebec,CA-QC,Canada,Quebec Jean Lesage International Airport,,
1,1,YYZ,Toronto,CA-ON,Canada,Toronto Pearson International Airport,,
1,1,YVR,Vancouver,CA-BC,Canada,Vancouver International Airport,,
1,1,YYJ,Victoria,CA-BC,Canada,Victoria International Airport,,
1,1,YWG,Winnipeg,CA-MB,Canada,Winnipeg / James Armstrong Richardson International Airport,,
1,1,SCL,Santiago,CL-RM,Chile,Comodoro Arturo Merino Benítez International Airport,,
1,1,PEK,Beijing,CN-11,China,Beijing Capital International Airport,,
1,1,PKX,Beijing,CN-11,China,Beijing Daxing International Airport,,
1,1,CTU,Chengdu (Shuangliu),CN-51,China,Chengdu Shuangliu International Airport,check city name,
1,1,CAN,Guangzhou (Huadu),CN-44,China,Guangzhou Baiyun International Airport,check city name,
1,1,SHA,Shanghai (Minhang),CN-31,China,Shanghai Hongqiao International Airport,check city name,
1,1,PVG,Shanghai (Pudong),CN-31,China,Shanghai Pudong International Airport,check city name,
1,1,SZX,Shenzhen,CN-44,China,Shenzhen Bao'an International Airport,,
1,1,BOG,Bogota,CO-DC,Colombia,El Dorado International Airport,,
1,1,CTG,Cartagena,CO-BOL,Colombia,Rafael Nuñez International Airport,,
1,1,MDE,Medellín,CO-ANT,Colombia,Jose Maria Córdova International Airport,,
1,1,LIR,Liberia,CR-G,Costa Rica,Daniel Oduber Quirós International Airport,,
1,1,SJO,San José (Alajuela),CR-A,Costa Rica,Juan Santamaría International Airport,check city name,
1,1,ZAG,Velika Gorica,HR-01,Croatia,Zagreb Franjo Tuđman International Airport,,
1,1,HAV,Havana,CU-03,Cuba,José Martí International Airport,,
1,1,CUR,Willemstad,CW-U-A,Curaçao,Hato International Airport,,
1,1,LCA,Larnaca,CY-04,Cyprus,Larnaca International Airport,,
1,1,PRG,Prague,CZ-PR,Czechia,Václav Havel Airport Prague,,
1,1,CPH,Copenhagen,DK-84,Denmark,Copenhagen Kastrup Airport,,
1,1,PUJ,Punta Cana,DO-11,Dominican Republic,Punta Cana International Airport,,
1,1,SDQ,Santo Domingo,DO-01,Dominican Republic,Las Américas International Airport,,
1,1,GYE,Guayaquil,EC-G,Ecuador,José Joaquín de Olmedo International Airport,,
1,1,UIO,Quito,EC-P,Ecuador,Mariscal Sucre International Airport,,
1,1,CAI,Cairo,EG-C,Egypt,Cairo International Airport,,
1,1,TLL,Tallinn,EE-37,Estonia,Lennart Meri Tallinn Airport,,
1,1,ADD,Addis Ababa,ET-AA,Ethiopia,Addis Ababa Bole International Airport,,
1,1,NAN,Nadi,FJ-W,Fiji,Nadi International Airport,,
1,1,HEL,Helsinki (Vantaa),FI-18,Finland,Helsinki Vantaa Airport,check city name,
1,1,BOD,Bordeaux,FR-NAQ,France,Bordeaux–Mérignac Airport,,
1,1,LYS,"Colombier-Saugnieu, Rhône",FR-ARA,France,Lyon Saint-Exupéry Airport,check city name,
1,1,MRS,"Marignane, Bouches-du-Rhône",FR-PAC,France,Marseille Provence Airport,check city name,
1,1,NCE,"Nice, Alpes-Maritimes",FR-PAC,France,Nice-Côte d'Azur Airport,check city name,
1,1,ORY,"Paris (Orly, Val-de-Marne)",FR-IDF,France,Paris-Orly Airport,check city name,
1,1,CDG,"Paris (Roissy-en-France, Val-d'Oise)",FR-IDF,France,Charles de Gaulle International Airport,check city name,
1,1,TLS,Toulouse/Blagnac,FR-OCC,France,Toulouse-Blagnac Airport,,
1,1,PPT,Papeete,PF-U-A,French Polynesia,Fa'a'ā International Airport,,
1,1,BER,Berlin,DE-BR,Germany,Berlin Brandenburg Airport,,
1,1,DUS,Düsseldorf,DE-NW,Germany,Düsseldorf Airport,,
1,1,FRA,Frankfurt am Main,DE-HE,Germany,Frankfurt Main Airport,,
1,1,HAM,Hamburg,DE-HH,Germany,Hamburg Helmut Schmidt Airport,,
1,1,MUC,Munich,DE-BY,Germany,Munich Airport,,
1,1,ACC,Accra,GH-AA,Ghana,Kotoka International Airport,,
1,1,HER,Heraklion,GR-M,Greece,Heraklion International Nikos Kazantzakis Airport,,
1,1,RHO,Rhodes,GR-L,Greece,"Rhodes International Airport ""Diagoras""",,
1,1,ATH,Spata-Artemida,GR-I,Greece,Athens Eleftherios Venizelos International Airport,,
1,1,SKG,Thessaloniki,GR-B,Greece,Thessaloniki Macedonia International Airport,,
1,1,GUM,Hagåtña,GU-U-A,Guam,Antonio B. Won Pat International Airport,,
1,1,HKG,Hong Kong,HK-NT,Hong Kong SAR China,Hong Kong International Airport,,
1,1,BUD,Budapest,HU-BU,Hungary,Budapest Liszt Ferenc International Airport,,
1,1,KEF,Reykjavík,IS-2,Iceland,Keflavik International Airport,,
1,1,BLR,Bengaluru,IN-KA,India,Kempegowda International Airport Bengaluru,,
1,1,MAA,Chennai,IN-TN,India,Chennai International Airport,,
1,1,HYD,Hyderabad,IN-TG,India,Rajiv Gandhi International Airport,,
1,1,COK,Kochi,IN-KL,India,Cochin International Airport,,
1,1,CCU,Kolkata,IN-WB,India,Netaji Subhash Chandra Bose International Airport,,
1,1,BOM,Mumbai,IN-MM,India,Chhatrapati Shivaji Maharaj International Airport,,
1,1,DEL,New Delhi,IN-DL,India,Indira Gandhi International Airport,,
1,1,GOI,Vasco da Gama,IN-GA,India,Goa Dabolim International Airport,,
1,1,CGK,Jakarta,ID-BT,Indonesia,Soekarno-Hatta International Airport,,
1,1,DPS,"Kuta, Badung",ID-BA,Indonesia,Denpasar I Gusti Ngurah Rai International Airport,check city name,
1,1,IKA,Tehran,IR-23,Iran,Imam Khomeini International Airport,,
1,1,DUB,Dublin,IE-D,Ireland,Dublin Airport,,
1,1,TLV,Tel Aviv,IL-M,Israel,Ben Gurion International Airport,,
1,1,BLQ,Bologna,IT-45,Italy,Bologna Guglielmo Marconi Airport,,
1,1,MXP,Ferno (VA),IT-25,Italy,Milan Malpensa International Airport,check city name,
1,1,NAP,Napoli,IT-72,Italy,Naples International Airport,,
1,1,CIA,Rome,IT-62,Italy,Ciampino–G. B. Pastine International Airport,,
1,1,FCO,Rome,IT-62,Italy,Rome–Fiumicino Leonardo da Vinci International Airport,,
1,1,LIN,Segrate (MI),IT-25,Italy,Milano Linate Airport,check city name,
1,1,VCE,Venezia (VE),IT-34,Italy,Venice Marco Polo Airport,check city name,
1,1,KIN,Kingston,JM-01,Jamaica,Norman Manley International Airport,,
1,1,MBJ,Montego Bay,JM-08,Jamaica,Sangster International Airport,,
1,1,FUK,Fukuoka,JP-40,Japan,Fukuoka Airport,,
1,1,OKA,Naha,JP-47,Japan,Naha International Airport,,
1,1,NRT,Narita,JP-12,Japan,Narita International Airport,,
1,1,KIX,Osaka,JP-27,Japan,Kansai International Airport,,
1,1,ITM,Osaka,JP-27,Japan,Osaka Itami International Airport,,
1,1,CTS,Sapporo,JP-01,Japan,New Chitose Airport,,
1,1,HND,Tokyo,JP-13,Japan,Tokyo Haneda International Airport,,
1,1,AMM,Amman,JO-AM,Jordan,Queen Alia International Airport,,
1,1,ALA,Almaty,KZ-ALA,Kazakhstan,Almaty International Airport,,
1,1,NBO,Nairobi,KE-47,Kenya,Jomo Kenyatta International Airport,,
1,1,KWI,Kuwait City,KW-FA,Kuwait,Kuwait International Airport,,
1,1,RIX,Riga,LV-062,Latvia,Riga International Airport,,
1,1,BEY,Beirut,LB-JL,Lebanon,Beirut Rafic Hariri International Airport,,
1,1,VNO,Vilnius,LT-VL,Lithuania,Vilnius International Airport,,
1,1,KUL,Sepang,MY-10,Malaysia,Kuala Lumpur International Airport,,
1,1,MLA,Valletta,MT-25,Malta,Malta International Airport,,
1,1,MRU,Plaine Magnien,MU-GP,Mauritius,Sir Seewoosagur Ramgoolam International Airport,,
1,1,CUN,Cancún,MX-ROO,Mexico,Cancún International Airport,,
1,1,GDL,Guadalajara,MX-JAL,Mexico,Guadalajara International Airport,,
1,1,MEX,Mexico City,MX-DIF,Mexico,Mexico City Benito Juárez International Airport,,
1,1,MTY,Monterrey,MX-NLE,Mexico,Monterrey International Airport,,
1,1,PVR,Puerto Vallarta,MX-JAL,Mexico,Puerto Vallarta International Airport,,
1,1,SJD,San José del Cabo,MX-BCS,Mexico,Los Cabos International Airport,,
1,1,CMN,Casablanca,MA-06,Morocco,Mohammed V International Airport,,
1,1,RAK,Marrakesh,MA-07,Morocco,Marrakesh Menara Airport,,
1,1,RGN,Yangon,MM-06,Myanmar (Burma),Yangon International Airport,,
1,1,KTM,Kathmandu,NP-P3,Nepal,Tribhuvan International Airport,,
1,1,AMS,Amsterdam,NL-NH,Netherlands,Amsterdam Airport Schiphol,,
1,1,AKL,Auckland,NZ-AUK,New Zealand,Auckland International Airport,,
1,1,CHC,Christchurch,NZ-CAN,New Zealand,Christchurch International Airport,,
1,1,ZQN,Queenstown,NZ-OTA,New Zealand,Queenstown Airport,,
1,1,WLG,Wellington,NZ-WGN,New Zealand,Wellington International Airport,,
1,1,ABV,Abuja,NG-FC,Nigeria,Nnamdi Azikiwe International Airport,,
1,1,LOS,Lagos,NG-LA,Nigeria,Murtala Muhammed International Airport,,
1,1,BGO,Bergen,NO-46,Norway,"Bergen Airport, Flesland",,
1,1,OSL,Oslo (Gardermoen),NO-32,Norway,Oslo-Gardermoen International Airport,check city name,
1,1,MCT,Muscat/Seeb,OM-MA,Oman,Muscat International Airport,,
1,1,ISB,Attock,PK-PB,Pakistan,Islamabad International Airport,,
1,1,KHI,Karachi,PK-SD,Pakistan,Jinnah International Airport,,
1,1,LHE,Lahore,PK-PB,Pakistan,Allama Iqbal International Airport,,
1,1,PTY,Tocumen,PA-8,Panama,Tocumen International Airport,,
1,1,ASU,Asunción,PY-11,Paraguay,Silvio Pettirossi International Airport,,
1,1,LIM,Lima,PE-LIM,Peru,Jorge Chávez International Airport,,
1,1,CEB,Cebu City/Lapu-Lapu City,PH-CEB,Philippines,Mactan Cebu International Airport,,
1,1,MNL,Manila (Pasay),PH-00,Philippines,Ninoy Aquino International Airport,check city name,
1,1,KRK,Balice,PL-MA,Poland,Kraków John Paul II International Airport,,
1,1,WAW,Warsaw,PL-MZ,Poland,Warsaw Chopin Airport,,
1,1,FAO,Faro,PT-08,Portugal,Faro - Gago Coutinho International Airport,,
1,1,LIS,Lisbon,PT-11,Portugal,Lisbon Humberto Delgado Airport,,
1,1,OPO,Porto,PT-13,Portugal,Francisco de Sá Carneiro Airport,,
1,1,SJU,San Juan,PR-U-A,Puerto Rico,Luis Munoz Marin International Airport,,
1,1,DOH,Doha,QA-DA,Qatar,Hamad International Airport,,
1,1,OTP,Otopeni,RO-IF,Romania,Bucharest Henri Coandă International Airport,,
1,1,KGL,Kigali,RW-01,Rwanda,Kigali International Airport,,
1,1,JED,Jeddah,SA-02,Saudi Arabia,King Abdulaziz International Airport,,
1,1,RUH,Riyadh,SA-01,Saudi Arabia,King Khalid International Airport,,
1,1,DKR,Dakar,SN-DK,Senegal,Léopold Sédar Senghor International Airport,,
1,1,BEG,Belgrade,RS-00,Serbia,Belgrade Nikola Tesla Airport,,
1,1,SEZ,Victoria,SC-20,Seychelles,Seychelles International Airport,,
1,1,SIN,Singapore,SG-04,Singapore,Singapore Changi Airport,,
1,1,SXM,Sint Maarten,SX-U-A,Sint Maarten,Princess Juliana International Airport,,
1,1,LJU,Zgornji Brnik,SI-012,Slovenia,Ljubljana Jože Pučnik Airport,,
1,1,CPT,Cape Town,ZA-WC,South Africa,Cape Town International Airport,,
1,1,DUR,Durban,ZA-NL,South Africa,King Shaka International Airport,,
1,1,JNB,Johannesburg,ZA-GT,South Africa,O.R. Tambo International Airport,,
1,1,ICN,Seoul,KR-28,South Korea,Incheon International Airport,,
1,1,GMP,Seoul,KR-11,South Korea,Gimpo International Airport,,
1,1,BCN,Barcelona,ES-CT,Spain,Josep Tarradellas Barcelona-El Prat Airport,,
1,1,MAD,Madrid,ES-MD,Spain,Adolfo Suárez Madrid–Barajas Airport,,
1,1,AGP,Málaga,ES-AN,Spain,Málaga-Costa del Sol Airport,,
1,1,PMI,Palma de Mallorca,ES-IB,Spain,Palma de Mallorca Airport,,
1,1,SVQ,Seville,ES-AN,Spain,Seville Airport,,
1,1,VLC,Valencia,ES-VC,Spain,Valencia Airport,,
1,1,CMB,Colombo,LK-1,Sri Lanka,Bandaranaike International Colombo Airport,,
1,1,GOT,Göteborg,SE-Q,Sweden,Göteborg Landvetter Airport,,
1,1,ARN,Stockholm,SE-AB,Sweden,Stockholm-Arlanda Airport,,
1,1,GVA,Geneva,CH-GE,Switzerland,Geneva International Airport,,
1,1,ZRH,Zurich,CH-ZH,Switzerland,Zürich Airport,,
1,1,TPE,Taoyuan,TW-TAO,Taiwan,Taiwan Taoyuan International Airport,,
1,1,DAR,Dar es Salaam,TZ-02,Tanzania,Julius Nyerere International Airport,,
1,1,ZNZ,Zanzibar,TZ-07,Tanzania,Abeid Amani Karume International Airport,,
1,1,DMK,Bangkok,TH-10,Thailand,Don Mueang International Airport,,
1,1,BKK,Bangkok,TH-10,Thailand,Suvarnabhumi Airport,,
1,1,HKT,Phuket,TH-83,Thailand,Phuket International Airport,,
1,1,TUN,Tunis,TN-11,Tunisia,Tunis Carthage International Airport,,
1,1,IST,Istanbul,TR-34,Türkiye,İstanbul Airport,,
1,1,SAW,"Pendik, Istanbul",TR-34,Türkiye,Istanbul Sabiha Gökçen International Airport,check city name,
1,1,EBB,Entebbe,UG-C,Uganda,Entebbe International Airport,,
1,1,AUH,Abu Dhabi,AE-AZ,United Arab Emirates,Zayed International Airport,,
1,1,DXB,Dubai,AE-DU,United Arab Emirates,Dubai International Airport,,
1,1,SHJ,Sharjah,AE-SH,United Arab Emirates,Sharjah International Airport,,
1,1,BHX,"Birmingham, West Midlands",GB-ENG,United Kingdom,Birmingham Airport,check city name,
1,1,EDI,Edinburgh,GB-SCT,United Kingdom,Edinburgh Airport,,
1,1,GLA,Glasgow,GB-SCT,United Kingdom,Glasgow Airport,,
1,1,LGW,London,GB-ENG,United Kingdom,London Gatwick Airport,,
1,1,LHR,London,GB-ENG,United Kingdom,London Heathrow Airport,,
1,1,STN,"London, Essex",GB-ENG,United Kingdom,London Stansted Airport,check city name,
1,1,LTN,"Luton, Luton",GB-ENG,United Kingdom,London Luton Airport,check city name,
1,1,MAN,"Manchester, Greater Manchester",GB-ENG,United Kingdom,Manchester Airport,check city name,
1,1,ABQ,Albuquerque,US-NM,United States,Albuquerque International Sunport,,
1,1,ANC,Anchorage,US-AK,United States,Ted Stevens Anchorage International Airport,,
1,1,ATL,Atlanta,US-GA,United States,Hartsfield Jackson Atlanta International Airport,,
1,1,AUS,Austin,US-TX,United States,Austin Bergstrom International Airport,,
1,1,BHM,Birmingham,US-AL,United States,Birmingham-Shuttlesworth International Airport,,
1,1,BOI,Boise,US-ID,United States,Boise Air Terminal/Gowen Field,,
1,1,BOS,Boston,US-MA,United States,Boston Logan International Airport,,
1,1,BUF,Buffalo,US-NY,United States,Buffalo Niagara International Airport,,
1,1,CHS,Charleston,US-SC,United States,Charleston International Airport,,
1,1,CLT,Charlotte,US-NC,United States,Charlotte Douglas International Airport,,
1,1,MDW,Chicago,US-IL,United States,Chicago Midway International Airport,,
1,1,ORD,Chicago,US-IL,United States,Chicago O'Hare International Airport,,
1,1,CVG,Cincinnati / Covington,US-KY,United States,Cincinnati Northern Kentucky International Airport,,
1,1,CLE,Cleveland,US-OH,United States,Cleveland Hopkins International Airport,,
1,1,CMH,Columbus,US-OH,United States,John Glenn Columbus International Airport,,
1,1,DFW,Dallas-Fort Worth,US-TX,United States,Dallas Fort Worth International Airport,,
1,1,DEN,Denver,US-CO,United States,Denver International Airport,,
1,1,DTW,Detroit,US-MI,United States,Detroit Metropolitan Wayne County Airport,,
1,1,IAD,Dulles,US-VA,United States,Washington Dulles International Airport,,
1,1,ELP,El Paso,US-TX,United States,El Paso International Airport,,
1,1,FLL,Fort Lauderdale,US-FL,United States,Fort Lauderdale Hollywood International Airport,,
1,1,RSW,Fort Myers,US-FL,United States,Southwest Florida International Airport,,
1,1,BDL,Hartford,US-CT,United States,Bradley International Airport,,
1,1,HNL,"Honolulu, Oahu",US-HI,United States,Daniel K. Inouye International Airport,check city name,
1,1,IAH,Houston,US-TX,United States,George Bush Intercontinental Airport,,
1,1,IND,Indianapolis,US-IN,United States,Indianapolis International Airport,,
1,1,JAX,Jacksonville,US-FL,United States,Jacksonville International Airport,,
1,1,MCI,Kansas City,US-MO,United States,Kansas City International Airport,,
1,1,LAS,Las Vegas,US-NV,United States,Harry Reid International Airport,,
1,1,LAX,Los Angeles,US-CA,United States,Los Angeles International Airport,,
1,1,MEM,Memphis,US-TN,United States,Memphis International Airport,,
1,1,MIA,Miami,US-FL,United States,Miami International Airport,,
1,1,MKE,Milwaukee,US-WI,United States,General Mitchell International Airport,,
1,1,MSP,Minneapolis,US-MN,United States,Minneapolis–Saint Paul International Airport / Wold–Chamberlain Field,,
1,1,MYR,Myrtle Beach,US-SC,United States,Myrtle Beach International Airport,,
1,1,BNA,Nashville,US-TN,United States,Nashville International Airport,,
1,1,MSY,New Orleans,US-LA,United States,Louis Armstrong New Orleans International Airport,,
1,1,JFK,New York,US-NY,United States,John F. Kennedy International Airport,,
1,1,LGA,New York,US-NY,United States,LaGuardia Airport,,
1,1,EWR,Newark,US-NJ,United States,Newark Liberty International Airport,,
1,1,OAK,Oakland,US-CA,United States,San Francisco Bay Oakland International Airport,,
1,1,OKC,Oklahoma City,US-OK,United States,OKC Will Rogers World Airport,,
1,1,OMA,Omaha,US-NE,United States,Eppley Airfield,,
1,1,MCO,Orlando,US-FL,United States,Orlando International Airport,,
1,1,PHL,Philadelphia,US-PA,United States,Philadelphia International Airport,,
1,1,PHX,Phoenix,US-AZ,United States,Phoenix Sky Harbor International Airport,,
1,1,PIT,Pittsburgh,US-PA,United States,Pittsburgh International Airport,,
1,1,PDX,Portland,US-OR,United States,Portland International Airport,,
1,1,PVD,Providence/Warwick,US-RI,United States,Rhode Island T. F. Green International Airport,,
1,1,RDU,Raleigh/Durham,US-NC,United States,Raleigh-Durham International Airport,,
1,1,RNO,Reno,US-NV,United States,Reno Tahoe International Airport,,
1,1,ROC,Rochester,US-NY,United States,Frederick Douglass Greater Rochester International Airport,,
1,1,SMF,Sacramento,US-CA,United States,Sacramento International Airport,,
1,1,SLC,Salt Lake City,US-UT,United States,Salt Lake City International Airport,,
1,1,SAT,San Antonio,US-TX,United States,San Antonio International Airport,,
1,1,SAN,San Diego,US-CA,United States,San Diego International Airport,,
1,1,SFO,San Francisco,US-CA,United States,San Francisco International Airport,,
1,1,SJC,San Jose,US-CA,United States,Norman Y. Mineta San Jose International Airport,,
1,1,SAV,Savannah,US-GA,United States,Savannah Hilton Head International Airport,,
1,1,SEA,Seattle,US-WA,United States,Seattle–Tacoma International Airport,,
1,1,GEG,Spokane,US-WA,United States,Spokane International Airport,,
1,1,STL,St Louis,US-MO,United States,St. Louis Lambert International Airport,,
1,1,TPA,Tampa,US-FL,United States,Tampa International Airport,,
1,1,TUS,Tucson,US-AZ,United States,Tucson International Airport,,
1,1,TUL,Tulsa,US-OK,United States,Tulsa International Airport,,
1,1,DCA,Washington,US-DC,United States,Ronald Reagan Washington National Airport,,
1,1,PBI,West Palm Beach,US-FL,United States,Palm Beach International Airport,,
1,1,MVD,Ciudad de la Costa,UY-CA,Uruguay,Carrasco General Cesáreo L. Berisso International Airport,,
1,1,TAS,Tashkent,UZ-TO,Uzbekistan,Tashkent International Airport,,
1,1,HAN,Hanoi (Soc Son),VN-RRD,Vietnam,Noi Bai International Airport,check city name,
1,1,SGN,Ho Chi Minh City,VN-SE,Vietnam,Tan Son Nhat International Airport,,
1,1,HRE,Harare,ZW-HA,Zimbabwe,Robert Gabriel Mugabe International Airport,,
1,2,LCY,London,GB-ENG,United Kingdom,London City Airport,,
2,1,HEA,Guzara,AF-HER,Afghanistan,Herat - Khwaja Abdullah Ansari International Airport,,
2,1,KBL,Kabul,AF-KAB,Afghanistan,Kabul International Airport,,
2,1,KDH,Kandahar,AF-KAN,Afghanistan,Ahmad Shah Baba International Airport,,
2,1,MZR,Mazar-i-Sharif,AF-BAL,Afghanistan,Mazar-i-Sharif International Airport,,
2,1,AAE,Annaba,DZ-23,Algeria,Annaba Rabah Bitat Airport,,
2,1,BLJ,Batna,DZ-05,Algeria,Batna Mostefa Ben Boulaid Airport,,
2,1,BJA,Béjaïa,DZ-06,Algeria,Soummam–Abane Ramdane Airport,,
2,1,BSK,Biskra,DZ-07,Algeria,Biskra - Mohamed Khider Airport,,
2,1,CFK,Chlef,DZ-02,Algeria,Chlef Aboubakr Belkaid International Airport,,
2,1,CZL,Constantine,DZ-25,Algeria,Mohamed Boudiaf International Airport,,
2,1,DJG,Djanet,DZ-56,Algeria,Tiska Djanet Airport,,
2,1,ORN,Es-Sénia,DZ-31,Algeria,Oran Es-Sénia (Ahmed Ben Bella) International Airport,,
2,1,GJL,Tahir,DZ-18,Algeria,Jijel Ferhat Abbas Airport,,
2,1,TMR,Tamanrasset,DZ-11,Algeria,Aguenar – Hadj Bey Akhamok Airport,,
2,1,TLM,Zenata,DZ-13,Algeria,Zenata – Messali El Hadj Airport,,
2,1,PPG,Pago Pago,AS-WT,American Samoa,Pago Pago International Airport,,
2,1,LAD,Luanda,AO-LUA,Angola,Quatro de Fevereiro International Airport,,
2,1,NBJ,Luanda (Ícolo e Bengo),AO-LUA,Angola,Dr. Antonio Agostinho Neto International Airport,check city name,
2,1,ANU,Osbourn,AG-03,Antigua & Barbuda,V. C. Bird International Airport,,
2,1,CRD,Comodoro Rivadavia,AR-U,Argentina,General Enrique Mosconi International Airport,,
2,1,COR,Cordoba,AR-X,Argentina,Ingeniero Aeronáutico Ambrosio L.V. Taravella International Airport,,
2,1,FTE,El Calafate,AR-Z,Argentina,El Calafate - Commander Armando Tola International Airport,,
2,1,MDZ,Mendoza,AR-M,Argentina,Governor Francisco Gabrielli International Airport,,
2,1,NQN,Neuquén,AR-Q,Argentina,Presidente Perón International Airport,,
2,1,RES,Resistencia,AR-H,Argentina,Resistencia International Airport,,
2,1,RGL,Rio Gallegos,AR-Z,Argentina,Piloto Civil Norberto Fernández International Airport,,
2,1,ROS,Rosario,AR-S,Argentina,Rosario Islas Malvinas International Airport,,
2,1,SLA,Salta,AR-A,Argentina,Martín Miguel de Güemes International Airport,,
2,1,BRC,San Carlos de Bariloche,AR-R,Argentina,Teniente Luis Candelaria International Airport,,
2,1,TUC,San Miguel de Tucumán,AR-T,Argentina,Teniente Benjamín Matienzo International Airport,,
2,1,JUJ,San Salvador de Jujuy,AR-Y,Argentina,Gobernador Horacio Guzman International Airport,,
2,1,LWN,Gyumri,AM-SH,Armenia,Shirak International Airport,,
2,1,EVN,Yerevan,AM-ER,Armenia,Zvartnots International Airport,,
2,1,BME,Broome,AU-WA,Australia,Broome International Airport,,
2,1,AVV,Geelong/Melbourne,AU-VIC,Australia,Melbourne Avalon International Airport,,
2,1,MCY,Maroochydore,AU-QLD,Australia,Sunshine Coast Airport,,
2,1,PHE,Port Hedland,AU-WA,Australia,Port Hedland International Airport,,
2,1,WSI,Sydney,AU-NSW,Australia,[Duplicate] Western Sydney International Airport,,
2,1,WTB,Toowoomba,AU-QLD,Australia,Toowoomba Wellcamp Airport,,
2,1,NTL,Williamtown,AU-NSW,Australia,Newcastle Airport,,
2,1,GRZ,Feldkirchen bei Graz,AT-6,Austria,Graz Airport,,
2,1,INN,Innsbruck,AT-7,Austria,Innsbruck Airport,,
2,1,KLU,Klagenfurt am Wörthersee,AT-2,Austria,Klagenfurt Airport,,
2,1,LNZ,Linz,AT-4,Austria,Linz-Hörsching Airport,,
2,1,SZG,Salzburg,AT-5,Austria,Salzburg Airport,,
2,1,GYD,Baku,AZ-BA,Azerbaijan,Heydar Aliyev International Airport,,
2,1,GNJ,Ganja,AZ-GA,Azerbaijan,Ganja International Airport,,
2,1,NAJ,Nakhchivan,AZ-NX,Azerbaijan,Nakhchivan International Airport,,
2,1,FPO,Freeport,BS-FP,Bahamas,Grand Bahama International Airport,,
2,1,ZSA,San Salvador,BS-SS,Bahamas,San Salvador International Airport,,
2,1,CGP,Chattogram (Chittagong),BD-2,Bangladesh,Shah Amanat International Airport,check city name,
2,1,ZYL,Sylhet,BD-6,Bangladesh,Osmany International Airport,,
2,1,BQT,Brest,BY-BR,Belarus,Brest International Airport,,
2,1,MSQ,Minsk,BY-MI,Belarus,Minsk National Airport,,
2,1,CRL,Charleroi,BE-WHT,Belgium,Brussels South Charleroi Airport,,
2,1,OST,Oostende,BE-VWV,Belgium,Ostend-Bruges International Airport,,
2,1,BZE,Belize City,BZ-BZ,Belize,Philip S. W. Goldson International Airport,,
2,1,COO,Cotonou,BJ-AQ,Benin,Cotonou Cadjehoun International Airport,,
2,1,BDA,Hamilton,BM-U-A,Bermuda,L.F. Wade International Airport,,
2,1,PBH,Paro,BT-11,Bhutan,Paro International Airport,,
2,1,CBB,Cochabamba,BO-C,Bolivia,Jorge Wilsterman International Airport,,
2,1,ORU,Oruro,BO-O,Bolivia,Juan Mendoza International Airport,,
2,1,UYU,Quijarro,BO-P,Bolivia,Joya Andina International Airport,,
2,1,VVI,Santa Cruz,BO-S,Bolivia,Viru Viru International Airport,,
2,1,SRE,Sucre,BO-H,Bolivia,Alcantarí International Airport,,
2,1,TZL,Dubrave Gornje,BA-BIH,Bosnia & Herzegovina,Tuzla International Airport,,
2,1,BNX,Mahovljani,BA-SRP,Bosnia & Herzegovina,Banja Luka International Airport,,
2,1,OMO,Mostar,BA-BIH,Bosnia & Herzegovina,Mostar International Airport,,
2,1,SJJ,Sarajevo,BA-BIH,Bosnia & Herzegovina,Sarajevo International Airport,,
2,1,FRW,Francistown,BW-FR,Botswana,Phillip Gaonwe Matante International Airport,,
2,1,GBE,Gaborone,BW-GA,Botswana,Sir Seretse Khama International Airport,,
2,1,BBK,Kasane,BW-CH,Botswana,Kasane International Airport,,
2,1,MUB,Maun,BW-NW,Botswana,Maun International Airport,,
2,1,BEL,Belém,BR-PA,Brazil,Val de Cans/Júlio Cezar Ribeiro International Airport,,
2,1,BVB,Boa Vista,BR-RR,Brazil,Atlas Brasil Cantanhede International Airport,,
2,1,VCP,Campinas,BR-SP,Brazil,Viracopos International Airport,,
2,1,CGB,Cuiabá,BR-MT,Brazil,Várzea Grande–Marechal Rondon International Airport,,
2,1,CWB,Curitiba,BR-PR,Brazil,Curitiba-Afonso Pena International Airport,,
2,1,FLN,Florianópolis,BR-SC,Brazil,Hercílio Luz International Airport,,
2,1,IGU,Foz do Iguaçu,BR-PR,Brazil,Cataratas International Airport,,
2,1,GYN,Goiânia,BR-GO,Brazil,Santa Genoveva International Airport,,
2,1,JPA,João Pessoa,BR-PB,Brazil,Presidente Castro Pinto International Airport,,
2,1,MCZ,Maceió,BR-AL,Brazil,Zumbi dos Palmares International Airport,,
2,1,MAO,Manaus,BR-AM,Brazil,Eduardo Gomes International Airport,,
2,1,NAT,Natal,BR-RN,Brazil,Rio Grande do Norte/São Gonçalo do Amarante–Governador Aluízio Alves International Airport,,
2,1,NVT,Navegantes,BR-SC,Brazil,Ministro Victor Konder International Airport,,
2,1,POA,Porto Alegre,BR-RS,Brazil,Porto Alegre-Salgado Filho International Airport,,
2,1,BPS,Porto Seguro,BR-BA,Brazil,Porto Seguro International Airport,,
2,1,PVH,Porto Velho,BR-RO,Brazil,Governador Jorge Teixeira de Oliveira International Airport,,
2,1,RBR,Rio Branco,BR-AC,Brazil,Rio Branco-Plácido de Castro International Airport,,
2,1,SLZ,São Luís,BR-MA,Brazil,Marechal Cunha Machado International Airport,,
2,1,VIX,Vitória,BR-ES,Brazil,Eurico de Aguiar Salles International Airport,,
2,1,EIS,Beef Island,VG-U-A,British Virgin Islands,Terrance B. Lettsome International Airport,,
2,1,BWN,Bandar Seri Begawan,BN-BM,Brunei,Brunei International Airport,,
2,1,BOJ,Burgas,BG-02,Bulgaria,Burgas Airport,,
2,1,PDV,Plovdiv,BG-16,Bulgaria,Plovdiv International Airport,,
2,1,VAR,Varna,BG-03,Bulgaria,Varna Airport,,
2,1,BOY,Bobo Dioulasso,BF-HOU,Burkina Faso,Bobo Dioulasso Airport,,
2,1,OUA,Ouagadougou,BF-KAD,Burkina Faso,Ouagadougou Thomas Sankara International Airport,,
2,1,BJM,Bujumbura,BI-BM,Burundi,Bujumbura Melchior Ndadaye International Airport,,
2,1,KTI,Phnom Penh (Boeng Khyang),KH-8,Cambodia,Techo International Airport,check city name,
2,1,KOS,Preah Sihanouk,KH-18,Cambodia,Sihanouk International Airport,,
2,1,SAI,Siem Reap,KH-17,Cambodia,Siem Reap-Angkor International Airport,,
2,1,DSY,Ta Noun,KH-9,Cambodia,Dara Sakor International Airport,,
2,1,DLA,Douala,CM-LT,Cameroon,Douala International Airport,,
2,1,GOU,Garoua,CM-NO,Cameroon,Garoua International Airport,,
2,1,NSI,Yaoundé,CM-CE,Cameroon,Yaoundé Nsimalen International Airport,,
2,1,YLW,Kelowna,CA-BC,Canada,Kelowna International Airport,,
2,1,YXE,Saskatoon,CA-SK,Canada,Saskatoon John G. Diefenbaker International Airport,,
2,1,YYT,St. John's,CA-NL,Canada,St. John's International Airport,,
2,1,SID,Espargos,CV-B,Cape Verde,Amílcar Cabral International Airport,,
2,1,RAI,Praia,CV-S,Cape Verde,Nelson Mandela International Airport,,
2,1,BVC,Rabil,CV-B,Cape Verde,Aristides Pereira International Airport,,
2,1,VXE,São Pedro,CV-B,Cape Verde,Cesaria Evora International Airport,,
2,1,BON,Kralendijk,BQ-BO,Caribbean Netherlands,Flamingo International Airport,,
2,1,GCM,George Town,KY-GC,Cayman Islands,Owen Roberts International Airport,,
2,1,BGF,Bangui,CF-MP,Central African Republic,Bangui M'Poko International Airport,,
2,1,NDJ,N'Djamena,TD-ND,Chad,N'Djamena International Airport,,
2,1,ANF,Antofagasta,CL-AN,Chile,Andrés Sabella Gálvez International Airport,,
2,1,CCP,Concepcion,CL-BI,Chile,Carriel Sur International Airport,,
2,1,IQQ,Iquique,CL-TA,Chile,Diego Aracena International Airport,,
2,1,IPC,Isla De Pascua,CL-VS,Chile,Mataveri International Airport,,
2,1,PMC,Puerto Montt,CL-LL,Chile,El Tepual International Airport,,
2,1,PUQ,Punta Arenas,CL-MA,Chile,President Carlos Ibáñez International Airport,,
2,1,ZCO,Temuco,CL-AR,Chile,La Araucanía International Airport,,
2,1,BAV,Baotou,CN-15,China,Baotou Donghe International Airport,,
2,1,CGQ,Changchun,CN-22,China,Changchun Longjia International Airport,,
2,1,CSX,Changsha (Changsha),CN-43,China,Changsha Huanghua International Airport,check city name,
2,1,TFU,Chengdu (Jianyang),CN-51,China,Chengdu Tianfu International Airport,check city name,
2,1,CKG,Chongqing,CN-50,China,Chongqing Jiangbei International Airport,,
2,1,DLC,Dalian (Ganjingzi),CN-21,China,Dalian Zhoushuizi International Airport,check city name,
2,1,DAT,Datong,CN-14,China,Datong Yungang International Airport,,
2,1,DNH,Dunhuang,CN-62,China,Dunhuang Mogao International Airport,,
2,1,EHU,Ezhou,CN-42,China,Ezhou Huahu International Airport,,
2,1,FOC,Fuzhou (Changle),CN-35,China,Fuzhou Changle International Airport,check city name,
2,1,KWL,Guilin (Lingui),CN-45,China,Guilin Liangjiang International Airport,check city name,
2,1,KWE,Guiyang (Nanming),CN-52,China,Guiyang Longdongbao International Airport,check city name,
2,1,XNN,Haidong (Huzhu Tu Autonomous County),CN-63,China,Xining Caojiabao International Airport,check city name,
2,1,HAK,Haikou (Meilan),CN-46,China,Haikou Meilan International Airport,check city name,
2,1,HLD,Hailar,CN-15,China,Hulunbuir Hailar Airport,,
2,1,HGH,Hangzhou,CN-33,China,Hangzhou Xiaoshan International Airport,,
2,1,HRB,Harbin,CN-23,China,Harbin Taiping International Airport,,
2,1,HFE,Hefei,CN-34,China,Hefei Xinqiao International Airport,,
2,1,HET,Hohhot,CN-15,China,Hohhot Baita International Airport,,
2,1,HIA,Huai'an,CN-32,China,Huai'an Lianshui Airport,,
2,1,TXN,Huangshan,CN-34,China,Huangshan Tunxi International Airport,,
2,1,JGN,Jiayuguan,CN-62,China,Jiayuguan International Airport,,
2,1,SWA,Jieyang (Rongcheng),CN-44,China,Jieyang Chaoshan International Airport,check city name,
2,1,TNA,Jinan (Licheng),CN-37,China,Jinan Yaoqiang International Airport,check city name,
2,1,JHG,Jinghong (Gasa),CN-53,China,Xishuangbanna Gasa International Airport,check city name,
2,1,KHG,Kashgar,CN-65,China,Kashgar Laining International Airport,,
2,1,KMG,Kunming,CN-53,China,Kunming Changshui International Airport,,
2,1,LHW,Lanzhou (Yongdeng),CN-62,China,Lanzhou Zhongchuan International Airport,check city name,
2,1,LYG,Lianyungang,CN-32,China,Lianyungang Huaguoshan International Airport,,
2,1,LJG,Lijiang,CN-53,China,Lijiang Sanyi International Airport,,
2,1,LYA,Luoyang (Laocheng),CN-41,China,Luoyang Beijiao Airport,check city name,
2,1,KHN,Nanchang,CN-36,China,Nanchang Changbei International Airport,,
2,1,NKG,Nanjing,CN-32,China,Nanjing Lukou International Airport,,
2,1,NNG,Nanning (Jiangnan),CN-45,China,Nanning Wuxu International Airport,check city name,
2,1,NGB,Ningbo,CN-33,China,Ningbo Lishe International Airport,,
2,1,DSN,Ordos,CN-15,China,Ordos Ejin Horo International Airport,,
2,1,TAO,Qingdao (Jiaozhou),CN-37,China,Qingdao Jiaodong International Airport,check city name,
2,1,NDG,Qiqihar,CN-23,China,Qiqihar Sanjiazi Airport,,
2,1,JJN,Quanzhou,CN-35,China,Quanzhou Jinjiang International Airport,,
2,1,SYX,Sanya (Tianya),CN-46,China,Sanya Phoenix International Airport,check city name,
2,1,LXA,Shannan (Gonggar),CN-54,China,Lhasa Gonggar International Airport,check city name,
2,1,SHE,Shenyang,CN-21,China,Shenyang Taoxian International Airport,,
2,1,SJW,Shijiazhuang,CN-13,China,Shijiazhuang Zhengding International Airport,,
2,1,TYN,Taiyuan,CN-14,China,Taiyuan Wusu International Airport,,
2,1,TSN,Tianjin,CN-12,China,Tianjin Binhai International Airport,,
2,1,URC,Ürümqi,CN-65,China,Ürümqi Tianshan International Airport,,
2,1,WNZ,Wenzhou (Longwan),CN-33,China,Wenzhou Longwan International Airport,check city name,
2,1,WUH,Wuhan (Huangpi),CN-42,China,Wuhan Tianhe International Airport,check city name,
2,1,WUX,Wuxi,CN-32,China,Sunan Shuofang International Airport,,
2,1,XIY,Xi'an,CN-61,China,Xi'an Xianyang International Airport,,
2,1,XMN,Xiamen,CN-35,China,Xiamen Gaoqi International Airport,,
2,1,RKZ,Xigazê (Samzhubzê),CN-54,China,Xigaze Peace Airport / Shigatse Air Base,check city name,
2,1,YNZ,Yancheng (Tinghu),CN-32,China,Yancheng Nanyang International Airport,check city name,
2,1,YNT,Yantai,CN-37,China,Yantai Penglai International Airport,,
2,1,INC,Yinchuan,CN-64,China,Yinchuan Hedong International Airport,,
2,1,YIW,Yiwu/Jinhua,CN-33,China,Yiwu Airport,,
2,1,YCU,Yuncheng (Yanhu),CN-61,China,Yuncheng Yanhu International Airport,check city name,
2,1,DYG,Zhangjiajie (Yongding),CN-43,China,Zhangjiajie Hehua International Airport,check city name,
2,1,ZHA,Zhanjiang,CN-44,China,Zhanjiang Wuchuan International Airport,,
2,1,CGO,Zhengzhou,CN-41,China,Zhengzhou Xinzheng International Airport,,
2,1,HSN,Zhoushan,CN-33,China,Zhoushan Putuoshan International Airport,,
2,1,ZUH,Zhuhai (Jinwan),CN-44,China,Zhuhai Jinwan Airport,check city name,
2,1,CCK,West Island,CC-U-A,Cocos (Keeling) Islands,Cocos (Keeling) Islands Airport,,
2,1,BAQ,Barranquilla,CO-ATL,Colombia,Ernesto Cortissoz International Airport,,
2,1,CLO,Cali,CO-VAC,Colombia,Alfonso Bonilla Aragon International Airport,,
2,1,ADZ,San Andrés,CO-SAP,Colombia,Gustavo Rojas Pinilla International Airport,,
2,1,HAH,Moroni,KM-G,Comoros,Prince Said Ibrahim International Airport,,
2,1,BZV,Brazzaville,CG-12,Congo - Brazzaville,Maya-Maya International Airport,,
2,1,PNR,Pointe Noire,CG-5,Congo - Brazzaville,Antonio Agostinho-Neto International Airport,,
2,1,GOM,Goma,CD-NK,Congo - Kinshasa,Goma International Airport,,
2,1,FIH,Kinshasa,CD-KN,Congo - Kinshasa,Ndjili International Airport,,
2,1,FKI,Kisangani,CD-TO,Congo - Kinshasa,Bangoka International Airport,,
2,1,FBM,Lubumbashi,CD-HK,Congo - Kinshasa,Lubumbashi International Airport,,
2,1,RAR,Avarua,CK-U-A,Cook Islands,Rarotonga International Airport,,
2,1,ABJ,Abidjan,CI-AB,Côte d’Ivoire,Félix-Houphouët-Boigny International Airport,,
2,1,DBV,Dubrovnik,HR-19,Croatia,Dubrovnik Ruđer Bošković Airport,,
2,1,PUY,Pula,HR-18,Croatia,Pula Airport,,
2,1,RJK,Rijeka(Omišalj),HR-08,Croatia,Rijeka Airport,check city name,
2,1,SPU,Split,HR-17,Croatia,Split Saint Jerome Airport,,
2,1,ZAD,Zadar,HR-13,Croatia,Zadar Airport,,
2,1,CMW,Camaguey,CU-09,Cuba,Ignacio Agramonte International Airport,,
2,1,HOG,Holguin,CU-11,Cuba,Frank Pais International Airport,,
2,1,VRA,Matanzas,CU-04,Cuba,Juan Gualberto Gomez International Airport,,
2,1,SNU,Santa Clara,CU-05,Cuba,Abel Santamaria International Airport,,
2,1,SCU,Santiago,CU-13,Cuba,Antonio Maceo International Airport,,
2,1,PFO,Paphos,CY-06,Cyprus,Paphos International Airport,,
2,1,ECN,Tymbou (Kirklar),CY-02,Cyprus,Ercan International Airport,check city name,
2,1,JCL,České Budějovice,CZ-JC,Czechia,České Budějovice South Bohemian Airport,,
2,1,KLV,Karlovy Vary,CZ-KA,Czechia,Karlovy Vary Airport,,
2,1,OSR,Mošnov,CZ-MO,Czechia,Leoš Janáček Airport Ostrava,,
2,1,PED,Pardubice,CZ-PA,Czechia,Pardubice Airport,,
2,1,AAL,Aalborg,DK-81,Denmark,Aalborg Airport,,
2,1,AAR,Aarhus,DK-82,Denmark,Aarhus Airport,,
2,1,BLL,Billund,DK-83,Denmark,Billund Airport,,
2,1,ODE,Odense,DK-83,Denmark,Odense Hans Christian Andersen Airport,,
2,1,JIB,Djibouti City,DJ-DJ,Djibouti,Djibouti-Ambouli Airport,,
2,1,LRM,La Romana,DO-12,Dominican Republic,Casa De Campo International Airport,,
2,1,STI,Santiago,DO-25,Dominican Republic,Cibao International Airport,,
2,1,SNC,Salinas/La Libertad,EC-25,Ecuador,General Ulpiano Paez International Airport,,
2,1,ESM,Tachina,EC-E,Ecuador,Carlos Concha Torres International Airport,,
2,1,SPX,Al Jiza,EG-GZ,Egypt,Sphinx International Airport,,
2,1,HBE,Alexandria,EG-ALX,Egypt,Alexandria International Airport,,
2,1,ASW,Aswan,EG-ASN,Egypt,Aswan International Airport,,
2,1,ATZ,Asyut,EG-AST,Egypt,Asyut International Airport,,
2,1,DBB,El Alamein,EG-MT,Egypt,El Alamein International Airport,,
2,1,AAC,El Arish,EG-SIN,Egypt,El Arish International Airport,,
2,1,HRG,Hurghada,EG-BA,Egypt,Hurghada International Airport,,
2,1,LXR,Luxor,EG-LX,Egypt,Luxor International Airport,,
2,1,RMF,Marsa Alam,EG-BA,Egypt,Marsa Alam International Airport,,
2,1,MUH,Marsa Matruh,EG-MT,Egypt,Mersa Matruh International Airport,,
2,1,PSD,Port Said,EG-PTS,Egypt,Port Said International Airport,,
2,1,SSH,Sharm El Sheikh,EG-JS,Egypt,Sharm El Sheikh International Airport,,
2,1,HMB,Suhaj,EG-SHG,Egypt,Suhaj International Airport,,
2,1,SAL,San Salvador (San Luis Talpa),SV-PA,El Salvador,El Salvador International Airport Saint Óscar Arnulfo Romero y Galdámez,check city name,
2,1,BSG,Bata,GQ-LI,Equatorial Guinea,Bata International Airport,,
2,1,OCS,Corisco Island,GQ-LI,Equatorial Guinea,Corisco International Airport,,
2,1,SSG,Malabo,GQ-BN,Equatorial Guinea,Malabo International Airport,,
2,1,SHO,Mpaka,SZ-LU,Eswatini,King Mswati III International Airport,,
2,1,DIR,Dire Dawa,ET-DD,Ethiopia,Aba Tenna Dejazmach Yilma International Airport,,
2,1,AWA,Hawassa,ET-XSD,Ethiopia,Hawassa International Airport,,
2,1,JIJ,Jijiga,ET-SO,Ethiopia,Gerad Wilwal International Airport,,
2,1,MPN,Mount Pleasant,FK-U-A,Falkland Islands,Mount Pleasant Airport / RAF Mount Pleasant,,
2,1,FAE,Vágar,FO-U-A,Faroe Islands,Vágar Airport,,
2,1,SUV,Nausori,FJ-C,Fiji,Nausori International Airport,,
2,1,IVL,Ivalo,FI-10,Finland,Ivalo Airport,,
2,1,KTT,Kittilä,FI-10,Finland,Kittilä International Airport,,
2,1,KUO,Kuopio / Siilinjärvi,FI-15,Finland,Kuopio Airport,,
2,1,LPP,Lappeenranta,FI-02,Finland,Lappeenranta Airport,,
2,1,MHQ,Mariehamn,FI-01,Finland,Mariehamn Airport,,
2,1,OUL,Oulu / Oulunsalo,FI-14,Finland,Oulu Airport,,
2,1,RVN,Rovaniemi,FI-10,Finland,Rovaniemi Airport,,
2,1,TMP,Tampere / Pirkkala,FI-11,Finland,Tampere-Pirkkala Airport,,
2,1,TKU,Turku,FI-19,Finland,Turku Airport,,
2,1,VAA,Vaasa,FI-12,Finland,Vaasa Airport,,
2,1,BSL,Bâle / Mulhouse,FR-GES,France,EuroAirport Basel–Mulhouse–Freiburg,,
2,1,BIA,Bastia,FR-COR,France,Bastia-Poretta International airport,,
2,1,BVA,Beauvais,FR-HDF,France,Beauvais-Tillé airport,,
2,1,BES,Brest,FR-BRE,France,Brest Bretagne airport,,
2,1,CFE,Clermont-Ferrand,FR-ARA,France,Clermont-Ferrand Auvergne airport,,
2,1,FSC,Figari,FR-COR,France,Figari Sud-Corse Airport,,
2,1,LIL,Lesquin,FR-HDF,France,Lille Airport,,
2,1,MPL,Montpellier/Méditerranée,FR-OCC,France,Montpellier-Méditerranée Airport,,
2,1,LBG,Paris,FR-IDF,France,Paris-Le Bourget International Airport,,
2,1,SXB,Strasbourg,FR-GES,France,Strasbourg Airport,,
2,1,CAY,Matoury,GF-CY,French Guiana,Cayenne – Félix Eboué Airport,,
2,1,LBV,Libreville,GA-1,Gabon,Libreville Leon M'ba International Airport,,
2,1,POG,Port Gentil,GA-8,Gabon,Port Gentil International Airport,,
2,1,BJL,Banjul (Yundum),GM-W,Gambia,Banjul International Airport,check city name,
2,1,BUS,Batumi,GE-AJ,Georgia,Alexander Kartveli Batumi International Airport,,
2,1,KUT,Kopitnari,GE-IM,Georgia,David the Builder Kutaisi International Airport,,
2,1,TBS,Tbilisi,GE-TB,Georgia,Tbilisi International Airport,,
2,1,BRE,Bremen,DE-HB,Germany,Bremen Airport,,
2,1,PAD,Büren,DE-NW,Germany,Paderborn Lippstadt Airport,,
2,1,KSF,Calden,DE-HE,Germany,Kassel Airport,,
2,1,DTM,Dortmund,DE-NW,Germany,Dortmund Airport,,
2,1,DRS,Dresden,DE-SN,Germany,Dresden Airport,,
2,1,ERF,Erfurt,DE-TH,Germany,Erfurt-Weimar Airport,,
2,1,HHN,Frankfurt am Main (Lautzenhausen),DE-RP,Germany,Frankfurt-Hahn Airport,check city name,
2,1,FDH,Friedrichshafen,DE-BW,Germany,Bodensee Airport Friedrichshafen,,
2,1,FMO,Greven,DE-NW,Germany,Münster Osnabrück Airport,,
2,1,HAJ,Hannover,DE-NI,Germany,Hannover Airport,,
2,1,CGN,Köln (Cologne),DE-NW,Germany,Cologne Bonn Airport,check city name,
2,1,FMM,Memmingen,DE-BY,Germany,Memmingen Allgau Airport,,
2,1,NUE,Nuremberg,DE-BY,Germany,Nuremberg Airport,,
2,1,FKB,Rheinmünster,DE-BW,Germany,Karlsruhe Baden-Baden Airport,,
2,1,LEJ,Schkeuditz,DE-SN,Germany,Leipzig/Halle Airport,,
2,1,STR,Stuttgart,DE-BW,Germany,Stuttgart Airport,,
2,1,NRN,Weeze,DE-NW,Germany,Weeze (Niederrhein) Airport,,
2,1,KMS,Kumasi,GH-AH,Ghana,Prempeh I International Airport,,
2,1,TML,Tamale,GH-NP,Ghana,Yakubu Tali International Airport,,
2,1,GIB,Gibraltar,GI-U-A,Gibraltar,Gibraltar Airport,,
2,1,KVA,Kavala,GR-A,Greece,Kavala Alexander the Great International Airport,,
2,1,CFU,Kerkyra (Corfu),GR-F,Greece,Corfu Ioannis Kapodistrias International Airport,check city name,
2,1,KGS,Kos Island,GR-L,Greece,"Kos International Airport ""Ippokratis""",,
2,1,JTR,Santorini Island,GR-L,Greece,Santorini International Airport,,
2,1,CHQ,Souda,GR-M,Greece,Chania International Airport,,
2,1,GOH,Nuuk,GL-SE,Greenland,Nuuk International Airport,,
2,1,GND,Saint George's,GD-GE,Grenada,Maurice Bishop International Airport,,
2,1,PTP,Pointe-à-Pitre,GP-U-A,Guadeloupe,Maryse Condé International Airport,,
2,1,GUA,Guatemala City,GT-GU,Guatemala,La Aurora International Airport,,
2,1,CKY,Conakry,GN-C,Guinea,Ahmed Sékou Touré International Airport,,
2,1,OXB,Bissau,GW-BS,Guinea-Bissau,Osvaldo Vieira International Airport,,
2,1,GEO,Georgetown,GY-DE,Guyana,Cheddi Jagan International Airport,,
2,1,CAP,Cap Haitien,HT-ND,Haiti,Cap Haitien International Airport,,
2,1,PAP,Port-au-Prince,HT-OU,Haiti,Toussaint Louverture International Airport,,
2,1,RTB,Coxen Hole,HN-IB,Honduras,Juan Manuel Gálvez International Airport,,
2,1,XPL,Palmerola,HN-CM,Honduras,Palmerola International Airport,,
2,1,SAP,San Pedro Sula,HN-CR,Honduras,Ramón Villeda Morales International Airport,,
2,1,DEB,Debrecen,HU-HB,Hungary,Debrecen International Airport,,
2,1,PEV,Pécs,HU-BA,Hungary,Pécs-Pogány International Airport,,
2,1,AEY,Akureyri,IS-6,Iceland,Akureyri International Airport,,
2,1,AMD,Ahmedabad,IN-GJ,India,Sardar Vallabh Patel International Airport,,
2,1,ATQ,Amritsar,IN-PB,India,Sri Guru Ram Das Ji International Airport,,
2,1,BHO,Bhopal,IN-MP,India,Raja Bhoj International Airport,,
2,1,BBI,Bhubaneswar,IN-OR,India,Biju Patnaik International Airport,,
2,1,CCJ,Calicut,IN-KL,India,Calicut International Airport,,
2,1,IXC,Chandigarh,IN-CH,India,Shaheed Bhagat Singh International Airport,,
2,1,CJB,Coimbatore,IN-TN,India,Coimbatore International Airport,,
2,1,GAU,Guwahati,IN-AS,India,Lokpriya Gopinath Bordoloi International Airport,,
2,1,HWR,Halwara,IN-PB,India,Halwara International Airport,,
2,1,HSS,Hisar,IN-HR,India,Maharaja Agrasen International Airport,,
2,1,IMF,Imphal,IN-MN,India,Bir Tikendrajit International Airport,,
2,1,IDR,Indore,IN-MP,India,Devi Ahilya Bai Holkar International Airport,,
2,1,JAI,Jaipur,IN-RJ,India,Jaipur International Airport,,
2,1,SAG,Kakadi,IN-MM,India,Shirdi International Airport,,
2,1,CNN,Kannur,IN-KL,India,Kannur International Airport,,
2,1,LKO,Lucknow,IN-UP,India,Chaudhary Charan Singh International Airport,,
2,1,IXE,Mangaluru,IN-KA,India,Mangaluru International Airport,,
2,1,GOX,Mopa,IN-GA,India,Manohar International Airport,,
2,1,NAG,Nagpur,IN-MM,India,Dr. Babasaheb Ambedkar International Airport,,
2,1,ISK,Nashik,IN-MM,India,Nashik International Airport,,
2,1,NMI,Navi Mumbai,IN-MM,India,Navi Mumbai International Airport,,
2,1,IXZ,Port Blair,IN-AN,India,Veer Savarkar International Airport / INS Utkrosh,,
2,1,PNQ,Pune,IN-MM,India,Pune International Airport,,
2,1,HSR,Rajkot,IN-GJ,India,Rajkot International Airport,,
2,1,IXB,Siliguri,IN-WB,India,Bagdogra Airport,,
2,1,SXR,Srinagar,IN-JK,India,Sheikh ul Alam International Airport,,
2,1,STV,Surat,IN-GJ,India,Surat International Airport,,
2,1,TRV,Thiruvananthapuram,IN-KL,India,Thiruvananthapuram International Airport,,
2,1,TRZ,Tiruchirappalli,IN-TN,India,Tiruchirappalli International Airport,,
2,1,TIR,Tirupati,IN-AP,India,Tirupati International Airport,,
2,1,BDQ,Vadodara,IN-GJ,India,Vadodara International Airport,,
2,1,VNS,Varanasi,IN-UP,India,Lal Bahadur Shastri International Airport,,
2,1,VGA,Vijayawada,IN-AP,India,Vijayawada International Airport,,
2,1,VTZ,Visakhapatnam,IN-AP,India,Visakhapatnam International Airport,,
2,1,AMQ,Ambon,ID-MA,Indonesia,Pattimura International Airport,,
2,1,BPN,Balikpapan,ID-KI,Indonesia,Sultan Aji Muhammad Sulaiman Sepinggan International Airport,,
2,1,BTJ,Banda Aceh,ID-AC,Indonesia,Sultan Iskandar Muda International Airport,,
2,1,BDJ,Banjarbaru,ID-KS,Indonesia,Syamsudin Noor International Airport,,
2,1,BTH,Batam,ID-KR,Indonesia,Hang Nadim International Airport,,
2,1,KNO,Beringin,ID-SU,Indonesia,Kualanamu International Airport,,
2,1,HLP,Jakarta,ID-JK,Indonesia,Halim Perdanakusuma International Airport,,
2,1,UPG,Makassar,ID-SN,Indonesia,Sultan Hasanuddin International Airport,,
2,1,MDC,Manado,ID-SA,Indonesia,Sam Ratulangi International Airport,,
2,1,LOP,"Mataram (Pujut, Lombok Tengah)",ID-NB,Indonesia,Lombok International Airport,check city name,
2,1,PDG,Padang (Katapiang),ID-SB,Indonesia,Minangkabau International Airport,check city name,
2,1,PNK,Pontianak,ID-KB,Indonesia,Supadio International Airport,,
2,1,SRG,Semarang,ID-JT,Indonesia,Jenderal Ahmad Yani Airport,,
2,1,DJJ,Sentani,ID-PA,Indonesia,Dortheys Hiyo Eluay International Airport,,
2,1,SUB,Surabaya,ID-JI,Indonesia,Juanda International Airport,,
2,1,SOC,Surakarta,ID-JT,Indonesia,Adisoemarmo International Airport,,
2,1,YIA,Yogyakarta,ID-YO,Indonesia,Yogyakarta International Airport,,
2,1,ABD,Abadan,IR-06,Iran,Abadan Ayatollah Jami International Airport,,
2,1,AWZ,Ahvaz,IR-06,Iran,Qasem Soleimani International Airport,,
2,1,BND,Bandar Abbas,IR-22,Iran,Bandar Abbas International Airport,,
2,1,XBJ,Birjand,IR-29,Iran,Birjand International Airport,,
2,1,IFN,Isfahan,IR-10,Iran,Isfahan Shahid Beheshti International Airport,,
2,1,PYK,Karaj,IR-30,Iran,Payam International Airport,,
2,1,KER,Kerman,IR-08,Iran,Ayatollah Hashemi Rafsanjani International Airport,,
2,1,KIH,Kish Island,IR-22,Iran,Kish International Airport,,
2,1,MHD,Mashhad,IR-09,Iran,Mashhad International Airport,,
2,1,GSM,Qeshm(Dayrestan),IR-22,Iran,Qeshm International Airport,check city name,
2,1,SYZ,Shiraz,IR-07,Iran,Shiraz Shahid Dastghaib International Airport,,
2,1,TBZ,Tabriz,IR-03,Iran,Tabriz International Airport,,
2,1,THR,Tehran,IR-23,Iran,Mehrabad International Airport,,
2,1,ZAH,Zahedan,IR-11,Iran,Zahedan International Airport,,
2,1,EBL,Arbil,IQ-AR,Iraq,Erbil International Airport,,
2,1,BGW,Baghdad,IQ-BG,Iraq,Baghdad International Airport / New Al Muthana Air Base,,
2,1,BSR,Basra,IQ-BA,Iraq,Basra International Airport,,
2,1,KIK,Kirkuk,IQ-TS,Iraq,Kirkuk International Airport,,
2,1,NJF,Najaf,IQ-NA,Iraq,Al Najaf International Airport,,
2,1,NOC,Charlestown,IE-MO,Ireland,Ireland West Airport Knock,,
2,1,ORK,Cork,IE-CO,Ireland,Cork International Airport,,
2,1,SNN,Shannon,IE-CE,Ireland,Shannon Airport,,
2,1,IOM,Castletown,IM-U-A,Isle of Man,Isle of Man Airport,,
2,1,ETM,Eilat,IL-D,Israel,Ramon International Airport,,
2,1,BRI,Bari,IT-75,Italy,Bari Karol Wojtyła International Airport,,
2,1,BDS,Brindisi,IT-75,Italy,Brindisi Airport,,
2,1,CAG,Cagliari,IT-88,Italy,Cagliari Elmas Airport,,
2,1,VRN,Caselle (VR),IT-34,Italy,Verona Villafranca Valerio Catullo Airport,check city name,
2,1,TRN,Caselle Torinese (TO),IT-21,Italy,Turin Airport,check city name,
2,1,CTA,Catania,IT-82,Italy,Catania-Fontanarossa Airport,,
2,1,FLR,Firenze (FI),IT-52,Italy,"Florence Airport, Peretola",check city name,
2,1,GOA,Genova (GE),IT-42,Italy,Genoa Cristoforo Colombo Airport,check city name,
2,1,SUF,Lamezia Terme (CZ),IT-78,Italy,Lamezia Terme Sant'Eufemia International Airport,check city name,
2,1,OLB,Olbia (SS),IT-88,Italy,Olbia Costa Smeralda Airport,check city name,
2,1,BGY,Orio al Serio (BG),IT-25,Italy,Il Caravaggio International Airport,check city name,
2,1,PMO,Palermo,IT-82,Italy,Falcone–Borsellino Airport,,
2,1,PEG,Perugia (PG),IT-55,Italy,Perugia San Francesco d'Assisi – Umbria International Airport,check city name,
2,1,PSR,Pescara,IT-65,Italy,Abruzzo Airport,,
2,1,PSA,Pisa (PI),IT-52,Italy,Pisa International Airport,check city name,
2,1,RMI,Rimini (RN),IT-45,Italy,Federico Fellini International Airport,check city name,
2,1,TRS,Ronchi dei Legionari/Trieste,IT-36,Italy,Trieste Airport,,
2,1,TSF,Treviso (TV),IT-34,Italy,Treviso Airport,check city name,
2,1,AOJ,Aomori,JP-02,Japan,Aomori Airport,,
2,1,HKD,Hakodate,JP-01,Japan,Hakodate Airport,,
2,1,HIJ,Hiroshima,JP-34,Japan,Hiroshima Airport,,
2,1,KOJ,Kagoshima,JP-46,Japan,Kagoshima Airport,,
2,1,KMQ,Kanazawa,JP-17,Japan,Komatsu Airport / JASDF Komatsu Air Base,,
2,1,KKJ,Kitakyushu,JP-40,Japan,Kitakyushu Airport,,
2,1,UKB,Kobe,JP-28,Japan,Kobe Airport,,
2,1,KMJ,Kumamoto,JP-43,Japan,Kumamoto Airport,,
2,1,FSZ,Makinohara / Shimada,JP-22,Japan,Mount Fuji Shizuoka Airport,,
2,1,MYJ,Matsuyama,JP-38,Japan,Matsuyama Airport,,
2,1,KMI,Miyazaki,JP-45,Japan,Miyazaki Airport,,
2,1,NGS,Nagasaki,JP-42,Japan,Nagasaki Airport,,
2,1,KCZ,Nankoku,JP-39,Japan,Kochi Ryoma Airport,,
2,1,SDJ,Natori,JP-04,Japan,Sendai Airport,,
2,1,KIJ,Niigata,JP-15,Japan,Niigata Airport,,
2,1,OKJ,Okayama,JP-33,Japan,Okayama Momotaro Airport,,
2,1,IBR,Omitama,JP-08,Japan,Ibaraki Airport,,
2,1,HSG,Saga,JP-41,Japan,Kyushu Saga International Airport,,
2,1,TAK,Takamatsu,JP-37,Japan,Takamatsu Airport,,
2,1,NGO,Tokoname,JP-23,Japan,Chubu Centrair International Airport,,
2,1,TKS,Tokushima,JP-36,Japan,Tokushima Awaodori Airport / JMSDF Tokushima Air Base,,
2,1,ADJ,Amman,JO-AM,Jordan,Marka International (Amman Civil) Airport,,
2,1,AQJ,Aqaba,JO-AQ,Jordan,King Hussein International Airport,,
2,1,SCO,Aktau,KZ-MAN,Kazakhstan,Aktau International Airport,,
2,1,AKX,Aktobe,KZ-AKT,Kazakhstan,Aktobe International Airport,,
2,1,NQZ,Astana,KZ-AST,Kazakhstan,Nursultan Nazarbayev International Airport,,
2,1,GUW,Atyrau,KZ-ATY,Kazakhstan,Atyrau International Airport,,
2,1,BXY,Baikonur,KZ-BAY,Kazakhstan,Baikonur Krayniy International Airport,,
2,1,KGF,Karaganda,KZ-KAR,Kazakhstan,Sary-Arka Airport,,
2,1,KOV,Kokshetau,KZ-AKM,Kazakhstan,Kokshetau International Airport,,
2,1,KSN,Kostanay,KZ-KUS,Kazakhstan,Kostanay International Airport,,
2,1,KZO,Kyzylorda,KZ-KZY,Kazakhstan,Korkyt Ata International Airport,,
2,1,PWQ,Pavlodar,KZ-PAV,Kazakhstan,Pavlodar International Airport,,
2,1,PPK,Petropavl,KZ-SEV,Kazakhstan,Petropavl International Airport,,
2,1,PLX,Semey,KZ-ABA,Kazakhstan,Semei International Airport,,
2,1,CIT,Shymkent,KZ-YUZ,Kazakhstan,Shymkent International Airport,,
2,1,DMB,Taraz,KZ-ZHA,Kazakhstan,Taraz International Airport,,
2,1,HSA,Turkıstan,KZ-YUZ,Kazakhstan,Hazrat Sultan International Airport,,
2,1,URA,Uralsk,KZ-ZAP,Kazakhstan,Manshuk Mametova International Airport,,
2,1,UKK,Ust-Kamenogorsk (Oskemen),KZ-VOS,Kazakhstan,Oskemen International Airport,check city name,
2,1,DZN,Zhezkazgan,KZ-ULY,Kazakhstan,Zhezkazgan National Airport,,
2,1,EDL,Eldoret,KE-27,Kenya,Eldoret International Airport,,
2,1,KIS,Kisumu,KE-42,Kenya,Kisumu International Airport,,
2,1,MBA,Mombasa,KE-01,Kenya,Moi International Airport,,
2,1,CXI,Kiritimati,KI-L,Kiribati,Cassidy International Airport,,
2,1,TRW,South Tarawa,KI-G,Kiribati,Bonriki International Airport,,
2,1,PRN,Prishtina,XK-01,Kosovo,Priština Adem Jashari International Airport,,
2,1,BSZ,Bishkek,KG-C,Kyrgyzstan,Manas International Airport,,
2,1,OSS,Osh,KG-O,Kyrgyzstan,Osh International Airport,,
2,1,IKU,Tamchy,KG-Y,Kyrgyzstan,Issyk-Kul International Airport,,
2,1,LPQ,Luang Phabang,LA-LP,Laos,Luang Phabang International Airport,,
2,1,PKZ,Pakse,LA-CH,Laos,Pakse International Airport,,
2,1,VTE,Vientiane,LA-VT,Laos,Wattay International Airport,,
2,1,MSU,Maseru(Mazenod),LS-A,Lesotho,Moshoeshoe I International Airport,check city name,
2,1,ROB,Monrovia,LR-MG,Liberia,Roberts International Airport,,
2,1,LAQ,Al Albraq,LY-JA,Libya,Al Abraq International Airport,,
2,1,BEN,Benina,LY-BA,Libya,Benina International Airport,,
2,1,MJI,Tripoli,LY-TB,Libya,Mitiga International Airport,,
2,1,KUN,Kaunas,LT-KU,Lithuania,Kaunas International Airport,,
2,1,PLQ,Palanga,LT-KL,Lithuania,Palanga International Airport,,
2,1,LUX,Luxembourg,LU-L,Luxembourg,Luxembourg-Findel International Airport,,
2,1,MFM,Nossa Senhora do Carmo,MO-CAR,Macao SAR China,Macau International Airport,,
2,1,TNR,Antananarivo,MG-T,Madagascar,Ivato International Airport,,
2,1,MJN,Mahajanga,MG-M,Madagascar,Amborovy Airport,,
2,1,NOS,Nosy Be,MG-D,Madagascar,Nosy Be International Airport,,
2,1,TMM,Toamasina,MG-A,Madagascar,Toamasina Ambalamanasy Airport,,
2,1,BLZ,Blantyre,MW-BL,Malawi,Chileka International Airport,,
2,1,LLW,Lumbadzi,MW-LI,Malawi,Kamuzu International Airport,,
2,1,IPH,Ipoh,MY-08,Malaysia,Sultan Azlan Shah Airport,,
2,1,JHB,Johor Bahru,MY-01,Malaysia,Senai International Airport,,
2,1,BKI,Kota Kinabalu,MY-12,Malaysia,Kota Kinabalu International Airport,,
2,1,KCH,Kuching,MY-13,Malaysia,Kuching International Airport,,
2,1,LGK,Langkawi,MY-02,Malaysia,Langkawi International Airport,,
2,1,PEN,Penang,MY-07,Malaysia,Penang International Airport,,
2,1,SZB,Subang,MY-10,Malaysia,Sultan Abdul Aziz Shah International Airport,,
2,1,GAN,Gan,MV-01,Maldives,Gan International Airport,,
2,1,HAQ,Haa Dhaalu Atoll,MV-23,Maldives,Hanimaadhoo International Airport,,
2,1,MLE,Malé,MV-MLE,Maldives,Velana International Airport,,
2,1,NMF,Noonu Atoll,MV-25,Maldives,Maafaru International Airport,,
2,1,BKO,Bamako,ML-2,Mali,Modibo Keita International Airport,,
2,1,TOM,Timbuktu,ML-7,Mali,Tombouktou Airport,,
2,1,MAJ,Majuro Atoll,MH-MAJ,Marshall Islands,Marshall Islands International Airport,,
2,1,FDF,Fort-de-France,MQ-U-A,Martinique,Martinique Aimé Césaire International Airport,,
2,1,NDB,Nouadhibou,MR-08,Mauritania,Nouadhibou International Airport,,
2,1,NKC,Nouakchott,MR-NKC,Mauritania,Nouakchott–Oumtounsy International Airport,,
2,1,DZA,Dzaoudzi,YT-U-A,Mayotte,Dzaoudzi Pamandzi International Airport,,
2,1,ACA,Acapulco,MX-GRO,Mexico,General Juan N. Álvarez International Airport,,
2,1,AGU,Aguascalientes,MX-AGU,Mexico,Aguascalientes International Airport,,
2,1,CUU,Chihuahua,MX-CHH,Mexico,General Roberto Fierro Villalobos International Airport,,
2,1,CJS,Ciudad Juárez,MX-CHH,Mexico,Abraham González International Airport,,
2,1,CZM,Cozumel,MX-ROO,Mexico,Cozumel International Airport,,
2,1,CUL,Culiacán,MX-SIN,Mexico,Bachigualato Federal International Airport,,
2,1,HMO,Hermosillo,MX-SON,Mexico,General Ignacio L. Pesqueira International Airport,,
2,1,HUX,Huatulco,MX-OAX,Mexico,Bahías de Huatulco International Airport,,
2,1,ZIH,Ixtapa,MX-GRO,Mexico,Ixtapa-Zihuatanejo International Airport,,
2,1,LTO,Loreto,MX-BCS,Mexico,Loreto International Airport,,
2,1,MZT,Mazatlàn,MX-SIN,Mexico,General Rafael Buelna International Airport,,
2,1,MID,Mérida,MX-YUC,Mexico,Manuel Crescencio Rejón International Airport,,
2,1,NLU,Mexico City,MX-MEX,Mexico,Felipe Ángeles International Airport,,
2,1,MLM,Morelia,MX-MIC,Mexico,General Francisco J. Mujica International Airport,,
2,1,OAX,Oaxaca,MX-OAX,Mexico,Xoxocotlán International Airport,,
2,1,PBC,Puebla,MX-PUE,Mexico,Hermanos Serdán International Airport,,
2,1,QRO,Querétaro,MX-QUE,Mexico,Querétaro Intercontinental Airport,,
2,1,BJX,Silao,MX-GUA,Mexico,Guanajuato International Airport,,
2,1,TIJ,Tijuana,MX-BCN,Mexico,General Abelardo L. Rodriguez International Airport,,
2,1,TLC,Toluca,MX-MEX,Mexico,Adolfo López Mateos International Airport,,
2,1,TQO,Tulum,MX-ROO,Mexico,Felipe Carrillo Puerto International Airport Tulum,,
2,1,VER,Veracruz,MX-VER,Mexico,General Heriberto Jara International Airport,,
2,1,VSA,Villahermosa,MX-TAB,Mexico,Carlos Rovirosa Pérez International Airport,,
2,1,KSA,Okat,FM-KSA,Micronesia,Kosrae International Airport,,
2,1,TKK,Weno Island,FM-TRK,Micronesia,Chuuk International Airport,,
2,1,YAP,Yap Island,FM-YAP,Micronesia,Yap International Airport,,
2,1,RMO,Chişinău,MD-CU,Moldova,Chişinău International Airport,,
2,1,UBN,Ulaanbaatar (Sergelen),MN-047,Mongolia,Ulaanbaatar Chinggis Khaan International Airport,check city name,
2,1,TGD,Podgorica,ME-16,Montenegro,Podgorica Airport / Podgorica Golubovci Airbase,,
2,1,MNI,Gerald's Park,MS-SP,Montserrat,John A. Osborne Airport,,
2,1,AGA,Agadir (Temsia),MA-09,Morocco,Al Massira Airport,check city name,
2,1,OUD,Ahl Angad,MA-02,Morocco,Oujda Angads Airport,,
2,1,NDR,Al Aaroui,MA-02,Morocco,Nador Al Aaroui International Airport,,
2,1,OZZ,Ouarzazate,MA-08,Morocco,Ouarzazate International Airport,,
2,1,BEM,Oulad Yaich,MA-05,Morocco,Beni Mellal Airport,,
2,1,RBA,Rabat,MA-04,Morocco,Rabat-Salé Airport,,
2,1,FEZ,Saïss,MA-03,Morocco,Fes Saïss International Airport,,
2,1,TNG,Tangier,MA-01,Morocco,Tangier Ibn Battuta Airport,,
2,1,TTU,Tétouan,MA-01,Morocco,Sania Ramel Airport,,
2,1,OZG,Zagora,MA-08,Morocco,Zagora Airport,,
2,1,BEW,Beira,MZ-S,Mozambique,Beira International Airport,,
2,1,MPM,Maputo,MZ-MPM,Mozambique,Maputo Airport,,
2,1,APL,Nampula,MZ-N,Mozambique,Nampula Airport,,
2,1,TET,Tete,MZ-T,Mozambique,Tete Airport,,
2,1,MDL,Mandalay,MM-04,Myanmar (Burma),Mandalay International Airport,,
2,1,NYT,Naypyitaw,MM-04,Myanmar (Burma),Nay Pyi Taw International Airport,,
2,1,WVB,Walvis Bay(Rooikop),NA-ER,Namibia,Walvis Bay International Airport,check city name,
2,1,WDH,Windhoek,NA-KH,Namibia,Hosea Kutako International Airport,,
2,1,PHH,Pokhara,NP-P4,Nepal,Pokhara International Airport,,
2,1,BWA,Siddharthanagar (Bhairahawa),NP-P5,Nepal,Gautam Buddha International Airport,check city name,
2,1,EIN,Eindhoven,NL-NB,Netherlands,Eindhoven Airport,,
2,1,GRQ,Groningen,NL-DR,Netherlands,Groningen Airport Eelde,,
2,1,MST,Maastricht,NL-LI,Netherlands,Maastricht Aachen Airport,,
2,1,RTM,Rotterdam,NL-ZH,Netherlands,Rotterdam The Hague Airport,,
2,1,NOU,Nouméa (La Tontouta),NC-03,New Caledonia,La Tontouta International Airport,check city name,
2,1,MGA,Managua,NI-MN,Nicaragua,Augusto C. Sandino (Managua) International Airport,,
2,1,NIM,Niamey,NE-8,Niger,Diori Hamani International Airport,,
2,1,ABB,Asaba,NG-DE,Nigeria,Asaba International Airport,,
2,1,BCU,Bauchi,NG-BA,Nigeria,Sir Abubakar Tafawa Balewa Bauchi State International Airport,,
2,1,ENU,Enegu,NG-EN,Nigeria,Akanu Ibiam International Airport,,
2,1,ILR,Ilorin/Ogbomosho,NG-KW,Nigeria,General Tunde Idiagbon International Airport,,
2,1,KAD,Kaduna,NG-KD,Nigeria,Kaduna International Airport,,
2,1,KAN,Kano,NG-KN,Nigeria,Mallam Aminu Kano International Airport,,
2,1,MIU,Maiduguri,NG-BO,Nigeria,Maiduguri International Airport,,
2,1,PHC,Port Harcourt,NG-RI,Nigeria,Port Harcourt International Airport,,
2,1,SKO,Sokoto,NG-SO,Nigeria,Sadiq Abubakar III International Airport,,
2,1,FNJ,Pyongyang,KP-01,North Korea,Pyongyang Sunan International Airport,,
2,1,SKP,Ilinden,MK-008,North Macedonia,Skopje International Airport,,
2,1,OHD,Ohrid,MK-003,North Macedonia,Ohrid St. Paul the Apostle Airport,,
2,1,ROP,Rota Island,MP-U-A,Northern Mariana Islands,Rota International Airport,,
2,1,AES,Ålesund,NO-15,Norway,Ålesund Airport,,
2,1,BOO,Bodø,NO-18,Norway,Bodø Airport,,
2,1,EVE,Evenes,NO-18,Norway,Harstad/Narvik Airport,,
2,1,KRS,Kristiansand(Kjevik),NO-42,Norway,Kristiansand Airport,check city name,
2,1,TRF,Sandefjord(Torp),NO-39,Norway,"Sandefjord Airport, Torp",check city name,
2,1,SVG,Stavanger,NO-11,Norway,"Stavanger Airport, Sola",,
2,1,TOS,Tromsø,NO-55,Norway,Tromsø Airport,,
2,1,TRD,Trondheim,NO-50,Norway,"Trondheim Airport, Værnes",,
2,1,DQM,Duqm,OM-WU,Oman,Duqm International Airport,,
2,1,SLL,Salalah,OM-ZU,Oman,Salalah International Airport,,
2,1,OHS,Suhar,OM-BA,Oman,Suhar International Airport,,
2,1,LYP,Faisalabad,PK-PB,Pakistan,Faisalabad International Airport,,
2,1,GWD,Gurandani,PK-BA,Pakistan,New Gwadar International Airport,,
2,1,MUX,Multan,PK-PB,Pakistan,Multan International Airport,,
2,1,PEW,Peshawar,PK-KP,Pakistan,Bacha Khan International Airport,,
2,1,UET,Quetta,PK-BA,Pakistan,Quetta International Airport,,
2,1,SKT,Sialkot,PK-PB,Pakistan,Sialkot International Airport,,
2,1,KDU,Skardu,PK-GB,Pakistan,Skardu International Airport,,
2,1,TUK,Turbat,PK-BA,Pakistan,Turbat International Airport,,
2,1,ROR,Babelthuap Island,PW-004,Palau,Roman Tmetuchl International Airport,,
2,1,LAE,Lae,PG-MPL,Papua New Guinea,Nadzab Tomodachi International Airport,,
2,1,POM,Port Moresby,PG-NCD,Papua New Guinea,Port Moresby Jacksons International Airport,,
2,1,AGT,Ciudad del Este,PY-10,Paraguay,Guaraní International Airport,,
2,1,ENO,Encarnación,PY-7,Paraguay,Teniente Ramon A. Ayub Gonzalez International Airport,,
2,1,AQP,Arequipa,PE-ARE,Peru,Rodríguez Ballón International Airport,,
2,1,CIX,Chiclayo,PE-LAM,Peru,Capitán FAP José A. Quiñones González International Airport,,
2,1,CUZ,Cusco,PE-CUS,Peru,Alejandro Velasco Astete International Airport,,
2,1,IQT,Iquitos,PE-LOR,Peru,Coronel FAP Francisco Secada Vignetta International Airport,,
2,1,JUL,Juliaca,PE-PUN,Peru,Inca Manco Capac International Airport,,
2,1,PCL,Pucallpa,PE-UCA,Peru,Cap FAP David Abenzur Rengifo International Airport,,
2,1,TRU,Trujillo,PE-LAL,Peru,Capitán FAP Carlos Martínez de Pinillos International Airport,,
2,1,BCD,Bacolod City,PH-NEC,Philippines,Bacolod-Silay International Airport,,
2,1,ILO,Cabatuan,PH-ILI,Philippines,Iloilo International Airport,,
2,1,DVO,Davao,PH-DVO,Philippines,Francisco Bangoy International Airport,,
2,1,GES,General Santos,PH-SCO,Philippines,General Santos International Airport,,
2,1,KLO,Kalibo,PH-AKL,Philippines,Kalibo International Airport,,
2,1,CGY,Laguindingan,PH-MSR,Philippines,Laguindingan International Airport,,
2,1,LAO,Laoag City,PH-ILN,Philippines,Laoag International Airport,,
2,1,DRP,Legazpi,PH-ALB,Philippines,Bicol International Airport,,
2,1,CRK,Mabalacat,PH-PAM,Philippines,Clark International Airport / Clark Air Base,,
2,1,SFS,Olongapo,PH-ZMB,Philippines,Subic Bay International Airport / Naval Air Station Cubi Point,,
2,1,TAG,Panglao,PH-BOH,Philippines,Bohol-Panglao International Airport,,
2,1,PPS,Puerto Princesa,PH-PLW,Philippines,Puerto Princesa International Airport / PAF Antonio Bautista Air Base,,
2,1,ZAM,Zamboanga,PH-ZMC,Philippines,Zamboanga International Airport,,
2,1,GDN,Gdańsk,PL-PM,Poland,Gdańsk Lech Wałęsa Airport,,
2,1,RZE,Jasionka,PL-PK,Poland,Rzeszów-Jasionka Airport,,
2,1,KTW,Katowice,PL-SL,Poland,Katowice Wojciech Korfanty International Airport,,
2,1,LCJ,Łódź,PL-LD,Poland,Łódź Władysław Reymont Airport,,
2,1,LUZ,Lublin,PL-LU,Poland,Lublin Airport,,
2,1,WMI,Nowy Dwór Mazowiecki,PL-MZ,Poland,Warsaw Modlin Airport,,
2,1,POZ,Poznań,PL-WP,Poland,Poznań-Ławica Airport,,
2,1,SZZ,Szczecin(Glewice),PL-ZP,Poland,Solidarity Szczecin–Goleniów Airport,check city name,
2,1,WRO,Wrocław,PL-DS,Poland,Copernicus Wrocław Airport,,
2,1,FNC,Funchal,PT-30,Portugal,Cristiano Ronaldo International Airport,,
2,1,PDL,Ponta Delgada,PT-20,Portugal,João Paulo II Airport,,
2,1,DIA,Doha,QA-DA,Qatar,Doha International Airport,,
2,1,ZSE,Saint-Pierre,RE-SR,Réunion,Saint-Pierre Pierrefonds Airport,,
2,1,RUN,Sainte-Marie,RE-SD,Réunion,Roland Garros Airport,,
2,1,BCM,Bacău,RO-BC,Romania,Bacău George Enescu International  Airport,,
2,1,GHV,Brașov (Ghimbav),RO-BV,Romania,Brașov-Ghimbav International Airport,check city name,
2,1,BBU,Bucharest,RO-B,Romania,Bucharest Băneasa Aurel Vlaicu International Airport,,
2,1,CLJ,Cluj-Napoca,RO-CJ,Romania,Avram Iancu Cluj International Airport,,
2,1,CND,Constanța,RO-CT,Romania,Mihail Kogălniceanu International Airport,,
2,1,CRA,Craiova,RO-DJ,Romania,Craiova International Airport,,
2,1,IAS,Iaşi,RO-IS,Romania,Iaşi International Airport,,
2,1,OMR,Oradea,RO-BH,Romania,Oradea International Airport,,
2,1,SBZ,Sibiu,RO-SB,Romania,Sibiu International Airport,,
2,1,SCV,Suceava,RO-SV,Romania,Suceava Ștefan cel Mare International Airport,,
2,1,TSR,Timişoara,RO-TM,Romania,Timișoara Traian Vuia International Airport,,
2,1,ABA,Abakan,RU-KK,Russia,Abakan International Airport,,
2,1,VVO,Artyom,RU-PRI,Russia,Vladivostok International Airport,,
2,1,ASF,Astrakhan,RU-AST,Russia,Astrakhan Narimanovo Boris M. Kustodiev International Airport,,
2,1,BAX,Barnaul,RU-ALT,Russia,Barnaul Gherman Titov International Airport,,
2,1,CEK,Chelyabinsk,RU-CHE,Russia,Kurchatov Chelyabinsk International Airport,,
2,1,HTA,Chita,RU-ZAB,Russia,Chita-Kadala International Airport,,
2,1,GRV,Grozny,RU-CE,Russia,Akhmat Kadyrov Grozny International Airport,,
2,1,IKT,Irkutsk,RU-IRK,Russia,Irkutsk International Airport,,
2,1,KGD,Kaliningrad,RU-KGD,Russia,Khrabrovo Airport,,
2,1,KZN,Kazan,RU-TA,Russia,Kazan International Airport,,
2,1,KEJ,Kemerovo,RU-KEM,Russia,Alexei Leonov Kemerovo International Airport,,
2,1,KRR,Krasnodar,RU-KDA,Russia,Krasnodar Pashkovsky International Airport,,
2,1,KJA,Krasnoyarsk,RU-KYA,Russia,Krasnoyarsk International Airport,,
2,1,MQF,Magnitogorsk,RU-BA,Russia,Magnitogorsk International Airport,,
2,1,MCX,Makhachkala,RU-DA,Russia,Makhachkala Uytash International Airport,,
2,1,MRV,Mineralnyye Vody,RU-STA,Russia,Mineralnye Vody Airport,,
2,1,ZIA,Moscow,RU-MOS,Russia,Zhukovsky International Airport,,
2,1,DME,Moscow,RU-MOS,Russia,Domodedovo International Airport,,
2,1,SVO,Moscow,RU-MOS,Russia,Sheremetyevo International Airport,,
2,1,VKO,Moscow,RU-MOW,Russia,Vnukovo International Airport,,
2,1,MMK,Murmansk,RU-MUR,Russia,Emperor Nicholas II Murmansk Airport,,
2,1,NJC,Nizhnevartovsk,RU-KHM,Russia,Nizhnevartovsk Airport,,
2,1,GOJ,Nizhny Novgorod,RU-NIZ,Russia,Nizhny Novgorod / Strigino International Airport,,
2,1,NSK,Norilsk,RU-KYA,Russia,Alykel International Airport,,
2,1,OVB,Novosibirsk,RU-NVS,Russia,Novosibirsk Tolmachevo Airport,,
2,1,OMS,Omsk,RU-OMS,Russia,Omsk Central Airport,,
2,1,PEE,Perm,RU-PER,Russia,Perm International Airport,,
2,1,PKC,Petropavlovsk-Kamchatsky,RU-KAM,Russia,Yelizovo Airport,,
2,1,ROV,Rostov-on-Don,RU-ROS,Russia,Platov International Airport,,
2,1,KUF,Samara,RU-SAM,Russia,Kurumoch International Airport,,
2,1,SKX,Saransk,RU-MO,Russia,Saransk International Airport,,
2,1,GSV,Saratov,RU-SAR,Russia,Gagarin International Airport,,
2,1,AER,Sochi,RU-KDA,Russia,Sochi International Airport,,
2,1,LED,St. Petersburg,RU-SPE,Russia,Pulkovo Airport,,
2,1,SGC,Surgut,RU-KHM,Russia,Surgut International Airport,,
2,1,TOF,Tomsk,RU-TOM,Russia,Tomsk Kamov Airport,,
2,1,IAR,Tunoshna,RU-YAR,Russia,Golden Ring Yaroslavl International Airport,,
2,1,TJM,Tyumen,RU-TYU,Russia,Roshchino International Airport,,
2,1,UFA,Ufa,RU-BA,Russia,Ufa International Airport,,
2,1,UUD,Ulan Ude,RU-BU,Russia,Baikal International Airport,,
2,1,VOG,Volgograd,RU-VGG,Russia,Volgograd International Airport,,
2,1,YKS,Yakutsk,RU-SA,Russia,Platon Oyunsky Yakutsk International Airport,,
2,1,SVX,Yekaterinburg,RU-SVE,Russia,Koltsovo Airport,,
2,1,UUS,Yuzhno-Sakhalinsk,RU-SAK,Russia,Yuzhno-Sakhalinsk International Airport,,
2,1,APW,Apia,WS-AA,Samoa,Faleolo International Airport,,
2,1,TMS,São Tomé,ST-01,São Tomé & Príncipe,São Tomé International Airport,,
2,1,AHB,Abha,SA-14,Saudi Arabia,Abha International Airport,,
2,1,DMM,Ad Dammam,SA-04,Saudi Arabia,King Fahd International Airport,,
2,1,AJF,Al-Jawf,SA-12,Saudi Arabia,Al-Jawf International Airport,,
2,1,ULH,Al-Ula,SA-03,Saudi Arabia,Al-Ula International Airport,,
2,1,HAS,Hail,SA-06,Saudi Arabia,Hail International Airport,,
2,1,RSI,Hanak,SA-07,Saudi Arabia,Red Sea International Airport,,
2,1,HOF,Hofuf,SA-04,Saudi Arabia,Al-Ahsa International Airport,,
2,1,MED,Medina,SA-03,Saudi Arabia,Prince Mohammad Bin Abdulaziz Airport,,
2,1,AQI,Qaisumah,SA-04,Saudi Arabia,Qaisumah–Hafar Al-Batin International Airport,,
2,1,ELQ,Qassim,SA-05,Saudi Arabia,Prince Naif bin Abdulaziz International Airport,,
2,1,NUM,Sharma,SA-07,Saudi Arabia,Neom Bay Airport,,
2,1,TUU,Tabuk,SA-07,Saudi Arabia,Prince Sultan bin Abdulaziz International Airport,,
2,1,TIF,Taif,SA-02,Saudi Arabia,Taif International Airport,,
2,1,YNB,Yanbu,SA-03,Saudi Arabia,Prince Abdulmohsen Bin Abdulaziz International Airport,,
2,1,DSS,Dakar,SN-DK,Senegal,Blaise Diagne International Airport,,
2,1,INI,Niš,RS-20,Serbia,Niš Constantine the Great Airport,,
2,1,FNA,Freetown (Lungi-Town),SL-N,Sierra Leone,Lungi International Airport,check city name,
2,1,BTS,Bratislava,SK-BL,Slovakia,M. R. Štefánik Airport,,
2,1,HIR,Honiara,SB-GU,Solomon Islands,Honiara International Airport,,
2,1,BSA,Bosaso,SO-BR,Somalia,Bender Qassim International Airport,,
2,1,HGA,Hargeisa,SO-WO,Somalia,Egal International Airport,,
2,1,MGQ,Mogadishu,SO-BN,Somalia,Aden Adde International Airport,,
2,1,BFN,Bloemfontein,ZA-FS,South Africa,Bram Fischer International Airport,,
2,1,ELS,East London,ZA-EC,South Africa,King Phalo Airport,,
2,1,GRJ,George,ZA-WC,South Africa,George Airport,,
2,1,PLZ,Gqeberha (Port Elizabeth),ZA-EC,South Africa,Chief Dawid Stuurman International Airport,check city name,
2,1,HLA,Johannesburg,ZA-GT,South Africa,Lanseria International Airport,,
2,1,KIM,Kimberley,ZA-NC,South Africa,Kimberley Airport,,
2,1,MQP,Mbombela,ZA-MP,South Africa,Kruger Mpumalanga International Airport,,
2,1,PTG,Polokwane,ZA-NP,South Africa,Polokwane International Airport,,
2,1,PUS,Busan,KR-26,South Korea,Gimhae International Airport,,
2,1,CJJ,Cheongju,KR-43,South Korea,Cheongju International Airport/Cheongju Air Base (K-59/G-513),,
2,1,TAE,Daegu,KR-27,South Korea,Daegu International Airport,,
2,1,YNY,Gonghang-ro,KR-42,South Korea,Yangyang International Airport,,
2,1,CJU,Jeju City,KR-49,South Korea,Jeju International Airport,,
2,1,MWX,Muan (Piseo-ri),KR-46,South Korea,Muan International Airport,check city name,
2,1,JUB,Juba,SS-EC,South Sudan,Juba International Airport,,
2,1,ALC,Alicante,ES-VC,Spain,Alicante-Elche Miguel Hernández Airport,,
2,1,BIO,Bilbao,ES-PV,Spain,Bilbao Airport,,
2,1,RMU,Corvera,ES-MC,Spain,Region of Murcia International Airport,,
2,1,FUE,El Matorral,ES-CN,Spain,Fuerteventura Airport,,
2,1,GRO,Girona,ES-CT,Spain,Girona-Costa Brava Airport,,
2,1,LPA,Gran Canaria Island,ES-CN,Spain,Gran Canaria Airport,,
2,1,IBZ,Ibiza (Eivissa),ES-IB,Spain,Ibiza Airport,check city name,
2,1,MAH,Mahón (Maó),ES-IB,Spain,Menorca Airport,check city name,
2,1,OVD,Ranón,ES-AS,Spain,Asturias Airport,,
2,1,REU,Reus,ES-CT,Spain,Reus Airport,,
2,1,ACE,San Bartolomé,ES-CN,Spain,César Manrique-Lanzarote Airport,,
2,1,SCQ,Santiago de Compostela,ES-GA,Spain,Santiago-Rosalía de Castro Airport,,
2,1,TFS,Tenerife,ES-CN,Spain,Tenerife Sur Airport,,
2,1,TFN,Tenerife,ES-CN,Spain,Tenerife Norte-Ciudad de La Laguna Airport,,
2,1,ZAZ,Zaragoza,ES-AR,Spain,Zaragoza Airport,,
2,1,RML,Colombo,LK-1,Sri Lanka,Colombo Ratmalana International Airport,,
2,1,JAF,Jaffna,LK-4,Sri Lanka,Jaffna International Airport,,
2,1,HRI,Mattala,LK-3,Sri Lanka,Mattala Rajapaksa International Airport,,
2,1,SKB,Basseterre,KN-U-A,St. Kitts & Nevis,Robert L. Bradshaw International Airport,,
2,1,UVF,Vieux Fort,LC-11,St. Lucia,Hewanorra International Airport,,
2,1,SVD,Kingstown,VC-04,St. Vincent & Grenadines,Argyle International Airport,,
2,1,KRT,Khartoum,SD-03,Sudan,Khartoum International Airport,,
2,1,PZU,Port Sudan,SD-26,Sudan,Port Sudan New International Airport,,
2,1,PBM,Paramaribo,SR-PR,Suriname,Johan Adolf Pengel International Airport,,
2,1,KRN,Kiruna,SE-BD,Sweden,Kiruna Airport,,
2,1,LPI,Linköping,SE-E,Sweden,Linköping City Airport,,
2,1,LLA,Luleå,SE-BD,Sweden,Luleå Airport,,
2,1,MMX,Malmö,SE-M,Sweden,Malmö Sturup Airport,,
2,1,SCR,Malung-Sälen,SE-W,Sweden,Scandinavian Mountains Airport,,
2,1,NYO,Nyköping,SE-D,Sweden,Stockholm Skavsta Airport,,
2,1,VST,Stockholm / Västerås,SE-U,Sweden,Stockholm Västerås Airport,,
2,1,UME,Umeå,SE-AC,Sweden,Umeå Airport,,
2,1,VBY,Visby,SE-I,Sweden,Visby Airport,,
2,1,ALP,Aleppo,SY-HL,Syria,Aleppo International Airport,,
2,1,DAM,Damascus,SY-DI,Syria,Damascus International Airport,,
2,1,HUN,Hualien City,TW-HUA,Taiwan,Hualien Chiashan Airport,,
2,1,MZG,Huxi,TW-PEN,Taiwan,Penghu Magong Airport,,
2,1,KHH,Kaohsiung (Xiaogang),TW-KHH,Taiwan,Kaohsiung International Airport,check city name,
2,1,RMQ,Taichung (Qingshui),TW-TXG,Taiwan,Taichung International Airport / Ching Chuang Kang Air Base,check city name,
2,1,TNN,Tainan (Rende),TW-TNN,Taiwan,Tainan International Airport / Tainan Air Base,check city name,
2,1,TSA,Taipei (Songshan),TW-TPE,Taiwan,Taipei Songshan International Airport,check city name,
2,1,KQT,Bokhtar,TJ-KT,Tajikistan,Bokhtar International Airport,,
2,1,DYU,Dushanbe,TJ-DU,Tajikistan,Dushanbe International Airport,,
2,1,LBD,Khujand,TJ-SU,Tajikistan,Khujand International Airport,,
2,1,TJU,Kulob,TJ-KT,Tajikistan,Kulob International Airport,,
2,1,JRO,Arusha,TZ-01,Tanzania,Kilimanjaro International Airport,,
2,1,MWZ,Mwanza,TZ-18,Tanzania,Mwanza International Airport,,
2,1,CNX,Chiang Mai,TH-50,Thailand,Chiang Mai International Airport,,
2,1,CEI,Chiang Rai,TH-57,Thailand,Mae Fah Luang - Chiang Rai International Airport,,
2,1,HDY,Hat Yai,TH-90,Thailand,Hat Yai International Airport,,
2,1,KBV,Krabi,TH-81,Thailand,Krabi International Airport,,
2,1,USM,Na Thon (Ko Samui Island),TH-84,Thailand,Samui International Airport,check city name,
2,1,UTP,Rayong,TH-21,Thailand,U-Tapao–Rayong–Pattaya International Airport,,
2,1,UTH,Udon Thani,TH-41,Thailand,Udon Thani International Airport,,
2,1,DIL,Dili,TL-DI,Timor-Leste,Presidente Nicolau Lobato International Airport,,
2,1,OEC,Oecussi-Ambeno,TL-OE,Timor-Leste,Oecusse Route of the Sandalwood International Airport,,
2,1,LFW,Lomé,TG-M,Togo,Lomé–Tokoin International Airport,,
2,1,TBU,Nuku'alofa,TO-04,Tonga,Fua'amotu International Airport,,
2,1,VAV,Vava'u Island,TO-05,Tonga,Vava'u International Airport,,
2,1,POS,Port of Spain,TT-TUP,Trinidad & Tobago,Piarco International Airport,,
2,1,TAB,Scarborough,TT-TOB,Trinidad & Tobago,A.N.R. Robinson International Airport,,
2,1,DJE,Mellita,TN-82,Tunisia,Djerba Zarzis International Airport,,
2,1,ESB,Ankara,TR-06,Türkiye,Esenboğa International Airport,,
2,1,AYT,Antalya,TR-07,Türkiye,Antalya International Airport,,
2,1,BJV,Bodrum,TR-48,Türkiye,Milas Bodrum International Airport,,
2,1,DLM,Dalaman,TR-48,Türkiye,Dalaman International Airport,,
2,1,EDO,Edremit,TR-10,Türkiye,Balıkesir Koca Seyit Airport,,
2,1,AOE,Eskişehir,TR-26,Türkiye,Hasan Polatkan Airport,,
2,1,GZT,Gaziantep,TR-27,Türkiye,Gaziantep Oğuzeli International Airport,,
2,1,ADB,Gaziemir,TR-35,Türkiye,Adnan Menderes International Airport,,
2,1,ASR,Kayseri,TR-38,Türkiye,Kayseri Erkilet International Airport,,
2,1,KYA,Konya,TR-42,Türkiye,Konya Airport,,
2,1,NAV,Nevşehir,TR-50,Türkiye,Nevşehir Kapadokya Airport,,
2,1,RZV,Rize,TR-53,Türkiye,Rize–Artvin Airport,,
2,1,GNY,Şanlıurfa,TR-63,Türkiye,Şanlıurfa GAP Airport,,
2,1,ADA,Seyhan,TR-01,Türkiye,Adana Şakirpaşa Airport,,
2,1,COV,Tarsus,TR-33,Türkiye,Çukurova International Airport,,
2,1,ASB,Ashgabat,TM-S,Turkmenistan,Ashgabat International Airport,,
2,1,TAZ,Daşoguz,TM-D,Turkmenistan,Dashoguz International Airport,,
2,1,CRZ,Türkmenabat,TM-L,Turkmenistan,Türkmenabat International Airport,,
2,1,PLS,Providenciales,TC-PR,Turks & Caicos Islands,Providenciales International Airport,,
2,1,STT,Charlotte Amalie,VI-ST,U.S. Virgin Islands,Cyril E. King Airport,,
2,1,LWO,Lviv,UA-46,Ukraine,Lviv International Airport,,
2,1,SIP,Simferopol,UA-43,Ukraine,Simferopol International Airport,,
2,1,UDJ,Uzhhorod,UA-21,Ukraine,Uzhhorod International Airport,,
2,1,AAN,Al Ain,AE-AZ,United Arab Emirates,Al Ain International Airport,,
2,1,DWC,Dubai(Jebel Ali),AE-DU,United Arab Emirates,Al Maktoum International Airport,check city name,
2,1,FJR,Fujairah,AE-FU,United Arab Emirates,Fujairah International Airport,,
2,1,RKT,Ras Al Khaimah,AE-RK,United Arab Emirates,Ras Al Khaimah International Airport,,
2,1,ABZ,Aberdeen,GB-SCT,United Kingdom,Aberdeen International Airport,,
2,1,BFS,Belfast,GB-NIR,United Kingdom,Belfast International Airport,,
2,1,BRS,Bristol,GB-ENG,United Kingdom,Bristol Airport,,
2,1,CWL,Cardiff,GB-WLS,United Kingdom,Cardiff International Airport,,
2,1,LBA,"Leeds, West Yorkshire",GB-ENG,United Kingdom,Leeds Bradford Airport,check city name,
2,1,LPL,Liverpool,GB-ENG,United Kingdom,Liverpool John Lennon Airport,,
2,1,NCL,"Newcastle upon Tyne, Tyne and Wear",GB-ENG,United Kingdom,Newcastle International Airport,check city name,
2,1,EMA,"Nottingham, Leicestershire",GB-ENG,United Kingdom,East Midlands Airport,check city name,
2,1,PIK,"Prestwick, South Ayrshire",GB-SCT,United Kingdom,Glasgow Prestwick Airport,check city name,
2,1,ALB,Albany,US-NY,United States,Albany International Airport,,
2,1,BWI,Baltimore,US-MD,United States,Baltimore/Washington International Thurgood Marshall Airport,,
2,1,BUR,Burbank,US-CA,United States,Hollywood Burbank/Bob Hope Airport,,
2,1,COS,Colorado Springs,US-CO,United States,City of Colorado Springs Municipal Airport,,
2,1,DAL,Dallas,US-TX,United States,Dallas Love Field,,
2,1,DSM,Des Moines,US-IA,United States,Des Moines International Airport,,
2,1,FAT,Fresno,US-CA,United States,Fresno Yosemite International Airport,,
2,1,GRR,Grand Rapids,US-MI,United States,Gerald R. Ford International Airport,,
2,1,GSO,Greensboro,US-NC,United States,Piedmont Triad International Airport,,
2,1,HOU,Houston,US-TX,United States,William P. Hobby Airport,,
2,1,OGG,Kahului,US-HI,United States,Kahului International Airport,,
2,1,KOA,Kailua-Kona,US-HI,United States,Ellison Onizuka Kona International Airport at Keāhole,,
2,1,TYS,Knoxville/Maryville,US-TN,United States,McGhee Tyson Airport,,
2,1,LIH,"Lihue, Kauai",US-HI,United States,Lihue Airport,check city name,
2,1,LGB,Long Beach,US-CA,United States,Long Beach International Airport,,
2,1,SDF,Louisville,US-KY,United States,Louisville Muhammad Ali International Airport,,
2,1,ORF,Norfolk,US-VA,United States,Norfolk International Airport,,
2,1,ONT,Ontario,US-CA,United States,Ontario International Airport,,
2,1,SFB,Orlando,US-FL,United States,Orlando Sanford International Airport,,
2,1,PSP,Palm Springs,US-CA,United States,Palm Springs International Airport,,
2,1,PNS,Pensacola,US-FL,United States,Pensacola International Airport,,
2,1,PIE,Pinellas Park,US-FL,United States,St. Petersburg Clearwater International Airport,,
2,1,PWM,Portland,US-ME,United States,Portland International Jetport,,
2,1,RIC,Richmond,US-VA,United States,Richmond International Airport,,
2,1,SBD,San Bernardino,US-CA,United States,San Bernardino International Airport,,
2,1,SNA,Santa Ana,US-CA,United States,John Wayne Orange County International Airport,,
2,1,SRQ,Sarasota/Bradenton,US-FL,United States,Sarasota Bradenton International Airport,,
2,1,SYR,Syracuse,US-NY,United States,Syracuse Hancock International Airport,,
2,1,BHK,Bukhara,UZ-BU,Uzbekistan,Bukhara International Airport,,
2,1,NMA,Namangan,UZ-NG,Uzbekistan,Namangan International Airport,,
2,1,NCU,Nukus,UZ-QR,Uzbekistan,Nukus International Airport,,
2,1,SKD,Samarkand,UZ-SA,Uzbekistan,Samarkand International Airport,,
2,1,UGC,Urgench,UZ-XO,Uzbekistan,Urgench International Airport,,
2,1,VLI,Port Vila,VU-SEE,Vanuatu,Bauerfield International Airport,,
2,1,BLA,Barcelona,VE-B,Venezuela,General José Antonio Anzoategui International Airport,,
2,1,BRM,Barquisimeto,VE-K,Venezuela,Jacinto Lara International Airport,,
2,1,PZO,Guyana City,VE-F,Venezuela,General Manuel Carlos Piar International Airport,,
2,1,PMV,Isla Margarita,VE-O,Venezuela,Del Caribe Santiago Mariño International Airport,,
2,1,CCS,Maiquetía,VE-X,Venezuela,Maiquetía Simón Bolívar International Airport,,
2,1,MAR,Maracaibo,VE-V,Venezuela,La Chinita International Airport,,
2,1,VLN,Valencia,VE-G,Venezuela,Arturo Michelena International Airport,,
2,1,VCA,Can Tho,VN-SW,Vietnam,Can Tho International Airport,,
2,1,DAD,Da Nang,VN-SCC,Vietnam,Da Nang International Airport,,
2,1,HPH,Haiphong (Hai An),VN-RRD,Vietnam,Cat Bi International Airport,check city name,
2,1,CXR,Nha Trang/nha Trang aiurportCam Ranh,VN-SCC,Vietnam,Cam Ranh International Airport / Cam Ranh Air Base,,
2,1,PQC,Phu Quoc Island,VN-SW,Vietnam,Phú Quốc International Airport,,
2,1,WLS,Wallis Island,WF-U-A,Wallis & Futuna,Hihifo Airport,,
2,1,VIL,Dakhla,EH-U-A,Western Sahara,Dakhla Airport,,
2,1,EUN,El Aaiún,EH-U-A,Western Sahara,Laayoune Hassan I International Airport,,
2,1,ADE,Aden,YE-AD,Yemen,Aden International Airport,,
2,1,RIY,Mukalla(Riyan),YE-HD,Yemen,Riyan International Airport,check city name,
2,1,SAH,Sanaa,YE-SA,Yemen,Sanaa International Airport,,
2,1,GXF,Seiyun,YE-HD,Yemen,Seiyun Hadhramaut International Airport,,
2,1,LVI,Livingstone,ZM-07,Zambia,Harry Mwanga Nkumbula International Airport,,
2,1,LUN,Lusaka,ZM-09,Zambia,Kenneth Kaunda International Airport,,
2,1,MFU,Mfuwe,ZM-03,Zambia,Mfuwe International Airport,,
2,1,NLA,Ndola,ZM-08,Zambia,Simon Mwansa Kapwepwe International Airport,,
2,1,BUQ,Bulawayo,ZW-BU,Zimbabwe,Joshua Mqabuko Nkomo International Airport,,
2,1,VFA,Victoria Falls,ZW-MN,Zimbabwe,Victoria Falls International Airport,,
2,2,KHT,Khost,AF-KHO,Afghanistan,Khost International Airport,,
2,2,MMZ,Maymana,AF-FYB,Afghanistan,Maymana Zahiraddin Faryabi Airport,,
2,2,AZR,Adrar,DZ-01,Algeria,Touat-Cheikh Sidi Mohamed Belkebir Airport,,
2,2,CBH,Béchar,DZ-08,Algeria,Béchar Boudghene Ben Ali Lotfi Airport,,
2,2,BMW,Bordj Badji Mokhtar,DZ-52,Algeria,Bordj Badji Mokhtar Airport,,
2,2,GHA,El Atteuf,DZ-47,Algeria,Noumérat - Moufdi Zakaria Airport,,
2,2,ELG,El Menia,DZ-50,Algeria,El Golea Airport,,
2,2,ELU,Guemar,DZ-39,Algeria,Guemar Airport - مطار قمار بالوادي,,
2,2,HME,Hassi Messaoud,DZ-30,Algeria,Hassi Messaoud-Oued Irara Krim Belkacem Airport,,
2,2,VVZ,Illizi,DZ-33,Algeria,Illizi Takhamalt Airport,,
2,2,IAM,In Aménas,DZ-33,Algeria,Zarzaitine - In Aménas Airport,,
2,2,INZ,In Salah,DZ-57,Algeria,In Salah Airport,,
2,2,OGX,Ouargla,DZ-30,Algeria,Ain Beida Airport,,
2,2,QSF,Sétif,DZ-19,Algeria,Ain Arnat Airport,,
2,2,TEE,Tébessi,DZ-12,Algeria,Cheikh Larbi Tébessi Airport,,
2,2,TMX,Timimoun,DZ-54,Algeria,Timimoun Airport,,
2,2,TIN,Tindouf,DZ-37,Algeria,Tindouf Airport,,
2,2,TGR,Touggourt,DZ-55,Algeria,Touggourt Sidi Madhi Airport,,
2,2,CAB,Cabinda,AO-CAB,Angola,Cabinda Airport,,
2,2,CBT,Catumbela,AO-BGU,Angola,Catumbela Airport,,
2,2,DUE,Chitato,AO-LNO,Angola,Dundo Airport,,
2,2,NOV,Huambo,AO-HUA,Angola,Albano Machado Airport,,
2,2,SDD,Lubango,AO-HUI,Angola,Lubango Mukanka International Airport,,
2,2,MEG,Malanje,AO-MAL,Angola,Malanje Airport,,
2,2,SSY,Mbanza Congo,AO-ZAI,Angola,Mbanza Congo Airport,,
2,2,SPP,Menongue,AO-CCU,Angola,Menongue Airport,,
2,2,MSZ,Moçâmedes,AO-NAM,Angola,Welwitschia Mirabilis International Airport,,
2,2,GXG,Negage,AO-UIG,Angola,Negage Airport,,
2,2,VPE,Ngiva,AO-CNN,Angola,Ngjiva Pereira Airport,,
2,2,SZA,Soyo,AO-ZAI,Angola,Soyo Airport,,
2,2,AXA,The Valley,AI-U-A,Anguilla,Clayton J. Lloyd International Airport,,
2,2,BBQ,Codrington,AG-10,Antigua & Barbuda,Burton-Nibbs International Airport,,
2,2,BHI,Bahía Blanca,AR-B,Argentina,Comandante Espora Airport,,
2,2,CTC,Catamarca,AR-K,Argentina,Coronel Felipe Varela International Airport,,
2,2,CPC,Chapelco/San Martin de los Andes,AR-Q,Argentina,Aviador C. Campos Airport,,
2,2,CNQ,Corrientes,AR-W,Argentina,Corrientes Airport,,
2,2,EQS,Esquel,AR-U,Argentina,Esquel Brigadier Antonio Parodi International Airport,,
2,2,FMA,Formosa,AR-P,Argentina,Formosa National Airport,,
2,2,IRJ,La Rioja,AR-F,Argentina,Capitan V A Almonacid Airport,,
2,2,LHS,Las Heras,AR-Z,Argentina,Las Heras Airport,,
2,2,MDQ,Mar del Plata,AR-B,Argentina,Ástor Piazzola International Airport,,
2,2,NEC,Necochea,AR-B,Argentina,Necochea Airport,,
2,2,PRA,Parana,AR-E,Argentina,General Urquiza Airport,,
2,2,PMQ,Perito Moreno,AR-Z,Argentina,Perito Moreno Jalil Hamer Airport,,
2,2,PSS,Posadas,AR-N,Argentina,Libertador Gral D Jose De San Martin Airport,,
2,2,PUD,Puerto Deseado,AR-Z,Argentina,Puerto Deseado Airport,,
2,2,IGR,Puerto Iguazu,AR-N,Argentina,Cataratas Del Iguazú International Airport,,
2,2,PMY,Puerto Madryn,AR-U,Argentina,El Tehuelche Airport,,
2,2,REL,Rawson,AR-U,Argentina,Almirante Marco Andres Zar Airport,,
2,2,RGA,Rio Grande,AR-V,Argentina,Gobernador Ramón Trejo Noel International Airport,,
2,2,UAQ,San Juan,AR-J,Argentina,Domingo Faustino Sarmiento Airport,,
2,2,LUQ,San Luis,AR-D,Argentina,Brigadier Mayor D Cesar Raul Ojeda Airport,,
2,2,AFA,San Rafael,AR-M,Argentina,Suboficial Ay Santiago Germano Airport,,
2,2,SFN,Santa Fe,AR-S,Argentina,Sauce Viejo Airport,,
2,2,RSA,Santa Rosa,AR-L,Argentina,Santa Rosa Airport,,
2,2,SST,Santa Teresita,AR-B,Argentina,Santa Teresita Airport,,
2,2,SDE,Santiago del Estero,AR-G,Argentina,Vicecomodoro Angel D. La Paz Aragonés Airport,,
2,2,RHD,Termas de Río Hondo,AR-G,Argentina,Termas de Río Hondo international Airport,,
2,2,USH,Ushuaia,AR-V,Argentina,Ushuaia - Malvinas Argentinas International Airport,,
2,2,VDM,Viedma / Carmen de Patagones,AR-R,Argentina,Gobernador Castello Airport,,
2,2,BVI,,AU-QLD,Australia,Birdsville Airport,NO CITY IN DATA,
2,2,BRK,,AU-NSW,Australia,Bourke Airport,NO CITY IN DATA,
2,2,OKY,,AU-QLD,Australia,Oakey Army Aviation Centre,NO CITY IN DATA,
2,2,BQL,,AU-QLD,Australia,Boulia Airport,NO CITY IN DATA,
2,2,CAZ,,AU-NSW,Australia,Cobar Airport,NO CITY IN DATA,
2,2,CED,,AU-SA,Australia,Ceduna Airport,NO CITY IN DATA,
2,2,CTN,,AU-QLD,Australia,Cooktown Airport,NO CITY IN DATA,
2,2,CMA,,AU-QLD,Australia,Cunnamulla Airport,NO CITY IN DATA,
2,2,CNB,,AU-NSW,Australia,Coonamble Airport,NO CITY IN DATA,
2,2,FIZ,,AU-WA,Australia,Fitzroy Crossing Airport,NO CITY IN DATA,
2,2,KNS,,AU-TAS,Australia,King Island Airport,NO CITY IN DATA,
2,2,KGC,,AU-SA,Australia,Kingscote Airport,NO CITY IN DATA,
2,2,LHG,,AU-NSW,Australia,Lightning Ridge Airport,NO CITY IN DATA,
2,2,LER,,AU-WA,Australia,Leinster Airport,NO CITY IN DATA,
2,2,MKR,,AU-WA,Australia,Meekatharra Airport,NO CITY IN DATA,
2,2,MMG,,AU-WA,Australia,Mount Magnet Airport,NO CITY IN DATA,
2,2,PUG,,AU-SA,Australia,Port Augusta Airport,NO CITY IN DATA,
2,2,PTJ,,AU-VIC,Australia,Portland Airport,NO CITY IN DATA,
2,2,ULP,,AU-QLD,Australia,Quilpie Airport,NO CITY IN DATA,
2,2,WGE,,AU-NSW,Australia,Walgett Airport,NO CITY IN DATA,
2,2,WUN,,AU-WA,Australia,Wiluna Airport,NO CITY IN DATA,
2,2,WIN,,AU-QLD,Australia,Winton Airport,NO CITY IN DATA,
2,2,ALH,Albany,AU-WA,Australia,Albany Airport,,
2,2,WOL,Albion Park Rail,AU-NSW,Australia,Shellharbour Airport,,
2,2,ASP,Alice Springs,AU-NT,Australia,Alice Springs Airport,,
2,2,ARM,Armidale,AU-NSW,Australia,Armidale Airport,,
2,2,BNK,Ballina,AU-NSW,Australia,Ballina Byron Gateway Airport,,
2,2,BCI,Barcaldine,AU-QLD,Australia,Barcaldine Airport,,
2,2,BHS,Bathurst,AU-NSW,Australia,Bathurst Airport,,
2,2,BEU,Bedourie,AU-QLD,Australia,Bedourie Airport,,
2,2,THG,Biloela,AU-QLD,Australia,Thangool Airport,,
2,2,BKQ,Blackall,AU-QLD,Australia,Blackall Airport,,
2,2,KGI,Broadwood,AU-WA,Australia,Kalgoorlie Boulder Airport,,
2,2,BHQ,Broken Hill,AU-NSW,Australia,Broken Hill Airport,,
2,2,BDB,Bundaberg,AU-QLD,Australia,Bundaberg Airport,,
2,2,BWT,Burnie,AU-TAS,Australia,Wynyard Airport,,
2,2,CBR,Canberra,AU-ACT,Australia,Canberra Airport,,
2,2,CVQ,Carnarvon,AU-WA,Australia,Carnarvon Airport,,
2,2,CTL,Charleville,AU-QLD,Australia,Charleville Airport,,
2,2,CNJ,Cloncurry,AU-QLD,Australia,Cloncurry Airport,,
2,2,CUQ,Coen,AU-QLD,Australia,Coen Airport,,
2,2,CFS,Coffs Harbour,AU-NSW,Australia,Coffs Harbour Airport,,
2,2,CPD,Coober Pedy,AU-SA,Australia,Coober Pedy Airport,,
2,2,OOM,Cooma,AU-NSW,Australia,Cooma Snowy Mountains Airport,,
2,2,MJK,Denham,AU-WA,Australia,Shark Bay Airport,,
2,2,DPO,Devonport,AU-TAS,Australia,Devonport Airport,,
2,2,DBO,Dubbo,AU-NSW,Australia,Dubbo City Regional Airport,,
2,2,ABX,East Albury,AU-NSW,Australia,Albury Airport,,
2,2,ELC,Elcho Island,AU-NT,Australia,Elcho Island Airport,,
2,2,EMD,Emerald,AU-QLD,Australia,Emerald Airport,,
2,2,EPR,Esperance,AU-WA,Australia,Esperance Airport,,
2,2,MEB,Essendon Fields,AU-VIC,Australia,Melbourne Essendon Airport,,
2,2,LEA,Exmouth,AU-WA,Australia,Learmonth Airport,,
2,2,WGA,Forest Hill,AU-NSW,Australia,Wagga Wagga Airport,,
2,2,GLT,Gladstone,AU-QLD,Australia,Gladstone Airport,,
2,2,GFF,Griffith,AU-NSW,Australia,Griffith Airport,,
2,2,GTE,Groote Eylandt,AU-NT,Australia,Groote Eylandt Airport,,
2,2,HTI,Hamilton Island,AU-QLD,Australia,Hamilton Island Airport,,
2,2,HVB,Hervey Bay,AU-QLD,Australia,Hervey Bay Airport,,
2,2,HID,Horn,AU-QLD,Australia,Horn Island Airport,,
2,2,KTA,Karratha,AU-WA,Australia,Karratha Airport,,
2,2,KWM,Kowanyama,AU-QLD,Australia,Kowanyama Airport,,
2,2,KNX,Kununurra,AU-WA,Australia,East Kimberley Regional (Kununurra) Airport,,
2,2,LST,Launceston (Western Junction),AU-TAS,Australia,Launceston Airport,check city name,
2,2,LNO,Leonora,AU-WA,Australia,Leonora Airport,,
2,2,LSY,Lismore,AU-NSW,Australia,Lismore Airport,,
2,2,IRG,Lockhart River,AU-QLD,Australia,Lockhart River Airport,,
2,2,LRE,Longreach,AU-QLD,Australia,Longreach Airport,,
2,2,MKY,Mackay,AU-QLD,Australia,Mackay Airport,,
2,2,MNG,Maningrida,AU-NT,Australia,Maningrida Airport,,
2,2,MBW,Melbourne,AU-VIC,Australia,Melbourne Moorabbin Airport,,
2,2,MIM,Merimbula,AU-NSW,Australia,Merimbula Airport,,
2,2,MQL,Mildura,AU-VIC,Australia,Mildura Airport,,
2,2,SNB,Milikapiti,AU-NT,Australia,Snake Bay Airport,,
2,2,GET,Moonyoonooka,AU-WA,Australia,Geraldton Airport,,
2,2,MOV,Moranbah,AU-QLD,Australia,Moranbah Airport,,
2,2,MRZ,Moree,AU-NSW,Australia,Moree Airport,,
2,2,MYA,Moruya,AU-NSW,Australia,Moruya Airport,,
2,2,MGB,Mount Gambier,AU-SA,Australia,Mount Gambier Airport,,
2,2,MHU,Mount Hotham,AU-VIC,Australia,Mount Hotham Airport,,
2,2,ISA,Mount Isa,AU-QLD,Australia,Mount Isa Airport,,
2,2,NAA,Narrabri,AU-NSW,Australia,Narrabri Airport,,
2,2,NRA,Narrandera,AU-NSW,Australia,Narrandera Airport,,
2,2,ZNE,Newman,AU-WA,Australia,Newman Airport,,
2,2,GOV,Nhulunbuy,AU-NT,Australia,Gove Airport,,
2,2,NTN,Normanton,AU-QLD,Australia,Normanton Airport,,
2,2,PBO,Paraburdoo,AU-WA,Australia,Paraburdoo Airport,,
2,2,PKE,Parkes,AU-NSW,Australia,Parkes Airport,,
2,2,PLO,Port Lincoln,AU-SA,Australia,Port Lincoln Airport,,
2,2,PQQ,Port Macquarie,AU-NSW,Australia,Port Macquarie Airport,,
2,2,PPP,Proserpine,AU-QLD,Australia,Proserpine Whitsunday Coast Airport,,
2,2,ROK,Rockhampton,AU-QLD,Australia,Rockhampton Airport,,
2,2,RMA,Roma,AU-QLD,Australia,Roma Airport,,
2,2,TMW,Tamworth,AU-NSW,Australia,Tamworth Airport,,
2,2,TCA,Tennant Creek,AU-NT,Australia,Tennant Creek Airport,,
2,2,XTG,Thargomindah,AU-QLD,Australia,Thargomindah Airport,,
2,2,TSV,Townsville,AU-QLD,Australia,Townsville Airport / RAAF Base Townsville,,
2,2,WEI,Weipa,AU-QLD,Australia,Weipa Airport,,
2,2,WYA,Whyalla,AU-SA,Australia,Whyalla Airport,,
2,2,WNR,Windorah,AU-QLD,Australia,Windorah Airport,,
2,2,AYQ,Yulara,AU-NT,Australia,Ayers Rock Connellan Airport,,
2,2,GBB,Gabala,AZ-QAB,Azerbaijan,Gabala International Airport,,
2,2,LHL,Lachin,AZ-LAC,Azerbaijan,Lachin International Airport,,
2,2,MYG,Abraham Bay Settlement,BS-MG,Bahamas,Mayaguana Airport,,
2,2,TZN,Andros,BS-SA,Bahamas,Congo Town Airport,,
2,2,SAQ,Andros Island,BS-NS,Bahamas,San Andros Airport,,
2,2,ASD,Andros Town,BS-NS,Bahamas,Andros Town Airport,,
2,2,ATC,Arthur's Town,BS-CI,Bahamas,Arthur's Town Airport,,
2,2,TBI,Cat Island,BS-CI,Bahamas,New Bight Airport,,
2,2,CCZ,Chub Cay,BS-NS,Bahamas,Chub Cay Airport,,
2,2,CRI,Colonel Hill,BS-CK,Bahamas,Colonel Hill Airport,,
2,2,LGI,Deadman's Cay,BS-LI,Bahamas,Deadman's Cay Airport,,
2,2,GHB,Governor's Harbour,BS-CE,Bahamas,Governor's Harbour Airport,,
2,2,MHH,Marsh Harbour,BS-CO,Bahamas,Leonard M. Thompson International Airport,,
2,2,IGA,Matthew Town,BS-IN,Bahamas,Inagua Airport,,
2,2,GGT,Moss Town,BS-EX,Bahamas,Exuma International Airport,,
2,2,ELH,North Eleuthera,BS-HI,Bahamas,North Eleuthera Airport,,
2,2,RSD,Rock Sound,BS-SE,Bahamas,Rock Sound International Airport,,
2,2,BIM,South Bimini,BS-BI,Bahamas,South Bimini Airport,,
2,2,AXP,Spring Point,BS-AK,Bahamas,Spring Point Airport,,
2,2,SML,Stella Maris,BS-LI,Bahamas,Stella Maris Airport,,
2,2,TCB,Treasure Cay,BS-CO,Bahamas,Treasure Cay Airport,,
2,2,BZL,Barisal,BD-1,Bangladesh,Barisal Airport,,
2,2,CXB,Cox's Bazar,BD-2,Bangladesh,Cox's Bazar Airport,,
2,2,JSR,Jashore (Jessore),BD-4,Bangladesh,Jessore Airport,check city name,
2,2,RJH,Rajshahi,BD-5,Bangladesh,Shah Makhdum Airport,,
2,2,SPD,Saidpur,BD-5,Bangladesh,Saidpur Airport,,
2,2,GME,Gomel,BY-HO,Belarus,Gomel Airport,,
2,2,MVQ,Mogilev,BY-MA,Belarus,Mogilev Airport,,
2,2,ANR,Antwerp,BE-VAN,Belgium,Antwerp International Airport (Deurne),,
2,2,LGG,Grâce-Hollogne,BE-WLG,Belgium,Liège Airport,,
2,2,TZA,Belize City,BZ-BZ,Belize,Sir Barry Bowen Municipal Airport,,
2,2,CUK,Caye Caulker,BZ-BZ,Belize,Caye Caulker Airport,,
2,2,CYC,Caye Chapel,BZ-BZ,Belize,Caye Chapel Airport,,
2,2,CZH,Corozal,BZ-CZL,Belize,Corozal Airport,,
2,2,DGA,Dangriga,BZ-SC,Belize,Dangriga Airport,,
2,2,PLJ,Placencia,BZ-SC,Belize,Placencia Airport,,
2,2,SPR,San Pedro,BZ-CY,Belize,John Greif II Airport,,
2,2,CIJ,Cobija,BO-N,Bolivia,Capitán Aníbal Arab Airport,,
2,2,GYA,Guayaramerín,BO-B,Bolivia,Guayaramerín Airport,,
2,2,PSZ,Puerto Suárez,BO-S,Bolivia,Capitán Av. Salvador Ogaya G. airport,,
2,2,RIB,Riberalta,BO-B,Bolivia,Capitán Av. Selin Zeitun Lopez Airport,,
2,2,SRZ,Santa Cruz,BO-S,Bolivia,El Trompillo Airport,,
2,2,TJA,Tarija,BO-T,Bolivia,Capitan Oriel Lea Plaza Airport,,
2,2,TDD,Trinidad,BO-B,Bolivia,Teniente Av. Jorge Henrich Arauz Airport,,
2,2,AFL,Alta Floresta,BR-MT,Brazil,Piloto Osvaldo Marques Dias Airport,,
2,2,ATM,Altamira,BR-PA,Brazil,Altamira Interstate Airport,,
2,2,AJU,Aracaju,BR-SE,Brazil,Aracaju - Santa Maria Airport,,
2,2,ARU,Araçatuba,BR-SP,Brazil,Araçatuba Airport,,
2,2,AUX,Araguaína,BR-TO,Brazil,Araguaína Airport,,
2,2,AQA,Araraquara,BR-SP,Brazil,Araraquara Airport,,
2,2,AAX,Araxá,BR-MG,Brazil,Romeu Zema Airport,,
2,2,JTC,Bauru,BR-SP,Brazil,Bauru/Arealva–Moussa Nakhal Tobias State Airport,,
2,2,CPV,Campina Grande,BR-PB,Brazil,Presidente João Suassuna Airport,,
2,2,CGR,Campo Grande,BR-MS,Brazil,Campo Grande Airport,,
2,2,CAW,Campos dos Goytacazes,BR-RJ,Brazil,Bartolomeu Lisandro Airport,,
2,2,CAC,Cascavel,BR-PR,Brazil,Coronel Adalberto Mendes da Silva Airport,,
2,2,CXJ,Caxias Do Sul,BR-RS,Brazil,Hugo Cantergiani Regional Airport,,
2,2,XAP,Chapecó,BR-SC,Brazil,Serafin Enoss Bertaso Airport,,
2,2,CMG,Corumbá,BR-MS,Brazil,Corumbá International Airport,,
2,2,CCM,Criciúma,BR-SC,Brazil,Forquilhinha - Criciúma  Airport,,
2,2,JJD,Cruz,BR-CE,Brazil,Comandante Ariston Pessoa Airport,,
2,2,CZS,Cruzeiro Do Sul,BR-AC,Brazil,Cruzeiro do Sul Airport,,
2,2,FEC,Feira de Santana,BR-BA,Brazil,João Durval Carneiro Airport,,
2,2,FEN,Fernando de Noronha,BR-PE,Brazil,Fernando de Noronha Airport,,
2,2,GVR,Governador Valadares,BR-MG,Brazil,Coronel Altino Machado Airport,,
2,2,IOS,Ilhéus,BR-BA,Brazil,Bahia - Jorge Amado Airport,,
2,2,IMP,Imperatriz,BR-MA,Brazil,Prefeito Renato Moreira Airport,,
2,2,IPN,Ipatinga,BR-MG,Brazil,Usiminas Airport,,
2,2,ITB,Itaituba,BR-PA,Brazil,Itaituba Airport,,
2,2,JOI,Joinville,BR-SC,Brazil,Lauro Carneiro de Loyola Airport,,
2,2,JDF,Juiz de Fora,BR-MG,Brazil,Francisco de Assis Airport,,
2,2,IZA,Juiz de Fora,BR-MG,Brazil,Presidente Itamar Franco Airport,,
2,2,LAJ,Lages,BR-SC,Brazil,Lages Airport,,
2,2,LDB,Londrina,BR-PR,Brazil,Governor José Richa Airport,,
2,2,MCP,Macapá,BR-AP,Brazil,Macapá - Alberto Alcolumbre International Airport,,
2,2,MNX,Manicoré,BR-AM,Brazil,Manicoré Airport,,
2,2,MAB,Marabá,BR-PA,Brazil,João Correa da Rocha Airport,,
2,2,MII,Marília,BR-SP,Brazil,Frank Miloye Milenkowichi–Marília State Airport,,
2,2,MGF,Maringá,BR-PR,Brazil,Regional de Maringá - Sílvio Name Júnior Airport,,
2,2,MOC,Montes Claros,BR-MG,Brazil,Mário Ribeiro Airport,,
2,2,MVF,Mossoró,BR-RN,Brazil,Dix-Sept Rosado Airport,,
2,2,TMT,Oriximiná,BR-PA,Brazil,Trombetas Airport,,
2,2,PMW,Palmas,BR-TO,Brazil,Brigadeiro Lysias Rodrigues Airport,,
2,2,CKS,Parauapebas,BR-PA,Brazil,Carajás Airport,,
2,2,PHB,Parnaíba,BR-PI,Brazil,Parnaíba - Prefeito Doutor João Silva Filho International Airport,,
2,2,PFB,Passo Fundo,BR-RS,Brazil,Lauro Kurtz Airport,,
2,2,PAV,Paulo Afonso,BR-BA,Brazil,Paulo Afonso Airport,,
2,2,PET,Pelotas,BR-RS,Brazil,João Simões Lopes Neto International Airport,,
2,2,PNZ,Petrolina,BR-PE,Brazil,Senador Nilo Coelho Airport,,
2,2,PGZ,Ponta Grossa,BR-PR,Brazil,Ponta Grossa Airport - Comandante Antonio Amilton Beraldo,,
2,2,PMG,Ponta Porã,BR-MS,Brazil,Ponta Porã Airport,,
2,2,PPB,Presidente Prudente,BR-SP,Brazil,Presidente Prudente Airport,,
2,2,RAO,Ribeirão Preto,BR-SP,Brazil,Leite Lopes Airport,,
2,2,RRJ,Rio de Janeiro,BR-RJ,Brazil,Jacarepaguá - Roberto Marinho Airport,,
2,2,ROO,Rondonópolis,BR-MT,Brazil,Maestro Marinho Franco Airport,,
2,2,RIA,Santa Maria,BR-RS,Brazil,Santa Maria Airport,,
2,2,STM,Santarém,BR-PA,Brazil,Santarém - Maestro Wilson Fonseca International Airport,,
2,2,GEL,Santo Ângelo,BR-RS,Brazil,Santo Ângelo Airport,,
2,2,SJL,São Gabriel da Cachoeira,BR-AM,Brazil,São Gabriel da Cachoeira Airport,,
2,2,SJP,São José do Rio Preto,BR-SP,Brazil,Prof. Eribelto Manoel Reino State Airport,,
2,2,SJK,São José Dos Campos,BR-SP,Brazil,Professor Urbano Ernesto Stumpf Airport,,
2,2,JSO,Sobral,BR-CE,Brazil,Dr. Luciano de Arruda Coelho Regional Airport,,
2,2,TBT,Tabatinga,BR-AM,Brazil,Tabatinga International Airport,,
2,2,TFF,Tefé,BR-AM,Brazil,Tefé Airport,,
2,2,THE,Teresina,BR-PI,Brazil,Senador Petrônio Portela Airport,,
2,2,TUR,Tucuruí,BR-PA,Brazil,Tucuruí Airport,,
2,2,UBA,Uberaba,BR-MG,Brazil,Mário de Almeida Franco Airport,,
2,2,UDI,Uberlândia,BR-MG,Brazil,Ten. Cel. Aviador César Bombonato Airport,,
2,2,URG,Uruguaiana,BR-RS,Brazil,Rubem Berta Airport,,
2,2,BVH,Vilhena,BR-RO,Brazil,Brigadeiro Camarão Airport,,
2,2,VDC,Vitória da Conquista,BR-BA,Brazil,Glauber de Andrade Rocha Airport,,
2,2,VIJ,Spanish Town,VG-U-A,British Virgin Islands,Virgin Gorda Airport,,
2,2,GID,Gitega,BI-GI,Burundi,Gitega Airport,,
2,2,BBM,Battambang,KH-2,Cambodia,Battambang Airport,,
2,2,MVR,Maroua,CM-EN,Cameroon,Salak Airport,,
2,2,NGE,N'Gaoundéré,CM-AD,Cameroon,N'Gaoundéré Airport,,
2,2,YXX,Abbotsford,CA-BC,Canada,Abbotsford International Airport,,
2,2,YAA,Anahim Lake,CA-BC,Canada,Anahim Lake Airport,,
2,2,YBC,Baie-Comeau,CA-QC,Canada,Baie-Comeau Airport,,
2,2,YBK,Baker Lake,CA-NU,Canada,Baker Lake Airport,,
2,2,YLK,Barrie,CA-ON,Canada,Barrie-Lake Simcoe Regional Airport,,
2,2,ZEL,Bella Bella,CA-BC,Canada,Bella Bella (Campbell Island) Airport,,
2,2,QBC,Bella Coola,CA-BC,Canada,Bella Coola Airport,,
2,2,YBX,Blanc-Sablon,CA-QC,Canada,Lourdes-de-Blanc-Sablon Airport,,
2,2,YVB,Bonaventure,CA-QC,Canada,Bonaventure Airport,,
2,2,YBY,Bonnyville,CA-AB,Canada,Bonnyville Airport,,
2,2,YBR,Brandon,CA-MB,Canada,Brandon Municipal Airport,,
2,2,YKF,Breslau,CA-ON,Canada,Region of Waterloo International Airport,,
2,2,YPZ,Burns Lake,CA-BC,Canada,Burns Lake Airport,,
2,2,YCB,Cambridge Bay,CA-NU,Canada,Cambridge Bay Airport,,
2,2,YBL,Campbell River,CA-BC,Canada,Campbell River Airport,,
2,2,YCG,Castlegar,CA-BC,Canada,Castlegar/West Kootenay Regional Airport,,
2,2,YCL,Charlo,CA-NB,Canada,Charlo Airport,,
2,2,YYG,Charlottetown,CA-PE,Canada,Charlottetown Airport,,
2,2,YMT,Chibougamau,CA-QC,Canada,Chapais Airport,,
2,2,YYQ,Churchill,CA-MB,Canada,Churchill Airport,,
2,2,YQQ,Comox,CA-BC,Canada,Comox Valley International Airport / CFB Comox,,
2,2,YZS,Coral Harbour,CA-NU,Canada,Coral Harbour Airport,,
2,2,YXC,Cranbrook,CA-BC,Canada,Cranbrook/Canadian Rockies International Airport,,
2,2,YDN,Dauphin,CA-MB,Canada,Dauphin Barker Airport,,
2,2,YDA,Dawson City,CA-YT,Canada,Dawson City Airport,,
2,2,YDF,Deer Lake,CA-NL,Canada,Deer Lake Airport,,
2,2,YPY,Fort Chipewyan,CA-AB,Canada,Fort Chipewyan Airport,,
2,2,YAG,Fort Frances,CA-ON,Canada,Fort Frances Municipal Airport,,
2,2,YMM,Fort McMurray,CA-AB,Canada,Fort McMurray International Airport,,
2,2,YYE,Fort Nelson,CA-BC,Canada,Fort Nelson Airport,,
2,2,YXJ,Fort Saint John,CA-BC,Canada,Fort St John / North Peace Regional Airport,,
2,2,YFS,Fort Simpson,CA-NT,Canada,Fort Simpson Airport,,
2,2,YSM,Fort Smith,CA-NT,Canada,Fort Smith Airport,,
2,2,YFC,Fredericton,CA-NB,Canada,Fredericton International Airport,,
2,2,YQX,Gander,CA-NL,Canada,Gander International Airport,,
2,2,YGP,Gaspé,CA-QC,Canada,Michel-Pouliot Gaspé Airport,,
2,2,YND,Gatineau,CA-QC,Canada,Ottawa / Gatineau Airport,,
2,2,YYR,Goose Bay,CA-NL,Canada,Goose Bay Airport,,
2,2,YQU,Grande Prairie,CA-AB,Canada,Grande Prairie Airport,,
2,2,YQA,Gravenhurst,CA-ON,Canada,Muskoka Airport,,
2,2,YHM,Hamilton,CA-ON,Canada,John C. Munro Hamilton International Airport,,
2,2,YGV,Havre-Saint-Pierre,CA-QC,Canada,Havre-Saint-Pierre Airport,,
2,2,YHY,Hay River,CA-NT,Canada,Hay River / Merlyn Carter Airport,,
2,2,YOJ,High Level,CA-AB,Canada,High Level Airport,,
2,2,YEV,Inuvik,CA-NT,Canada,Inuvik Mike Zubko Airport,,
2,2,YFB,Iqaluit,CA-NU,Canada,Iqaluit Airport,,
2,2,YIV,Island Lake,CA-MB,Canada,Island Lake Airport,,
2,2,YKA,Kamloops,CA-BC,Canada,Kamloops John Moose Fulton Field Regional Airport,,
2,2,XKS,Kasabonika,CA-ON,Canada,Kasabonika Airport,,
2,2,YQK,Kenora,CA-ON,Canada,Kenora Airport,,
2,2,YVP,Kuujjuaq,CA-QC,Canada,Kuujjuaq Airport,,
2,2,YGW,Kuujjuarapik,CA-QC,Canada,Kuujjuarapik Airport,,
2,2,YGL,La Grande Rivière,CA-QC,Canada,La Grande Rivière Airport,,
2,2,YVC,La Ronge,CA-SK,Canada,La Ronge Airport,,
2,2,YGR,Les Îles-de-la-Madeleine,CA-QC,Canada,Îles-de-la-Madeleine Airport,,
2,2,YQL,Lethbridge,CA-AB,Canada,Lethbridge County Airport,,
2,2,YLL,Lloydminster,CA-AB,Canada,Lloydminster Airport,,
2,2,YXU,London,CA-ON,Canada,London International Airport,,
2,2,YYL,Lynn Lake,CA-MB,Canada,Lynn Lake Airport,,
2,2,ZMT,Masset,CA-BC,Canada,Masset Airport,,
2,2,YXH,Medicine Hat,CA-AB,Canada,Medicine Hat Regional Airport,,
2,2,YQM,Moncton,CA-NB,Canada,Greater Moncton Roméo LeBlanc International Airport,,
2,2,YYY,Mont-Joli,CA-QC,Canada,Mont Joli Airport,,
2,2,YHU,Montréal,CA-QC,Canada,Montréal / Saint-Hubert Metropolitan Airport,,
2,2,YMX,Montréal,CA-QC,Canada,Montreal Mirabel International Airport,,
2,2,YMO,Moosonee,CA-ON,Canada,Moosonee Airport,,
2,2,YQN,Nakina,CA-ON,Canada,Nakina Airport,,
2,2,YCD,Nanaimo,CA-BC,Canada,Nanaimo Airport,,
2,2,YNA,Natashquan,CA-QC,Canada,Natashquan Airport,,
2,2,YCM,Niagara-on-the-Lake,CA-ON,Canada,Niagara District Airport,,
2,2,YVQ,Norman Wells,CA-NT,Canada,Norman Wells Airport,,
2,2,YYB,North Bay,CA-ON,Canada,North Bay Jack Garland Airport,,
2,2,YRO,Ottawa,CA-ON,Canada,Ottawa / Rockcliffe Airport,,
2,2,YPE,Peace River,CA-AB,Canada,Peace River Airport,,
2,2,YYF,Penticton,CA-BC,Canada,Penticton Airport,,
2,2,YPQ,Peterborough,CA-ON,Canada,Peterborough Regional Airport,,
2,2,YPL,Pickle Lake,CA-ON,Canada,Pickle Lake Airport,,
2,2,YNL,Points North Landing,CA-SK,Canada,Points North Landing Airport,,
2,2,YZT,Port Hardy,CA-BC,Canada,Port Hardy Airport,,
2,2,YPN,Port-Menier,CA-QC,Canada,Port-Menier Airport,,
2,2,YPW,Powell River,CA-BC,Canada,Powell River Airport,,
2,2,YPA,Prince Albert,CA-SK,Canada,Prince Albert Glass Field,,
2,2,YXS,Prince George,CA-BC,Canada,Prince George (International) Airport,,
2,2,YPR,Prince Rupert,CA-BC,Canada,Prince Rupert Airport,,
2,2,YPX,Puvirnituq,CA-QC,Canada,Puvirnituq Airport,,
2,2,XQU,Qualicum Beach,CA-BC,Canada,Qualicum Beach Airport,,
2,2,YQZ,Quesnel,CA-BC,Canada,Quesnel Airport,,
2,2,YRT,Rankin Inlet,CA-NU,Canada,Rankin Inlet Airport,,
2,2,YRL,Red Lake,CA-ON,Canada,Red Lake Airport,,
2,2,YQR,Regina,CA-SK,Canada,Regina International Airport,,
2,2,YRB,Resolute Bay,CA-NU,Canada,Resolute Bay Airport,,
2,2,YXK,Rimouski,CA-QC,Canada,Rimouski Airport,,
2,2,YRJ,Roberval,CA-QC,Canada,Roberval Airport,,
2,2,YUY,Rouyn-Noranda,CA-QC,Canada,Rouyn Noranda Airport,,
2,2,YBG,Saguenay,CA-QC,Canada,Saguenay-Bagotville Airport,,
2,2,YSJ,Saint John,CA-NB,Canada,Saint John Airport,,
2,2,YSL,Saint-Léonard,CA-NB,Canada,Saint-Léonard Airport,,
2,2,YZP,Sandspit,CA-BC,Canada,Sandspit Airport,,
2,2,ZSJ,Sandy Lake,CA-ON,Canada,Sandy Lake Airport,,
2,2,YUX,Sanirajak,CA-NU,Canada,Hall Beach Airport,,
2,2,YAM,Sault Ste Marie,CA-ON,Canada,Sault Ste Marie Airport,,
2,2,YKL,Schefferville,CA-QC,Canada,Schefferville Airport,,
2,2,YZV,Sept-Îles,CA-QC,Canada,Sept-Îles Airport,,
2,2,YXL,Sioux Lookout,CA-ON,Canada,Sioux Lookout Airport,,
2,2,YYD,Smithers,CA-BC,Canada,Smithers Airport,,
2,2,ZBF,South Tetagouche,CA-NB,Canada,Bathurst Airport,,
2,2,YIF,St-Augustin,CA-QC,Canada,St Augustin Airport,,
2,2,YAY,St. Anthony,CA-NL,Canada,St. Anthony Airport,,
2,2,YJT,Stephenville,CA-NL,Canada,Stephenville Dymond International Airport,,
2,2,YSF,Stony Rapids,CA-SK,Canada,Stony Rapids Airport,,
2,2,YSB,Sudbury,CA-ON,Canada,Sudbury Airport,,
2,2,YQY,Sydney,CA-NS,Canada,Sydney / J.A. Douglas McCurdy Airport,,
2,2,YXT,Terrace,CA-BC,Canada,Northwest Regional Airport Terrace-Kitimat,,
2,2,YQD,The Pas,CA-MB,Canada,The Pas Airport,,
2,2,YTH,Thompson,CA-MB,Canada,Thompson Airport,,
2,2,YQT,Thunder Bay,CA-ON,Canada,Thunder Bay International Airport,,
2,2,YTS,Timmins,CA-ON,Canada,Timmins/Victor M. Power,,
2,2,YAZ,Tofino,CA-BC,Canada,Tofino / Long Beach Airport,,
2,2,YTZ,Toronto,CA-ON,Canada,Billy Bishop Toronto City Airport,,
2,2,YVO,Val-d'Or,CA-QC,Canada,Val-d'Or Airport,,
2,2,YWK,Wabush,CA-NL,Canada,Wabush Airport,,
2,2,YQH,Watson Lake,CA-YT,Canada,Watson Lake Airport,,
2,2,YZU,Whitecourt,CA-AB,Canada,Whitecourt Airport,,
2,2,YXY,Whitehorse,CA-YT,Canada,Whitehorse / Erik Nielsen International Airport,,
2,2,YVV,Wiarton,CA-ON,Canada,Wiarton Airport,,
2,2,YWL,Williams Lake,CA-BC,Canada,Williams Lake Airport,,
2,2,YQG,Windsor,CA-ON,Canada,Windsor International Airport,,
2,2,YZF,Yellowknife,CA-NT,Canada,Yellowknife International Airport,,
2,2,SNE,Preguiça,CV-B,Cape Verde,Preguiça Airport,,
2,2,MMO,Vila do Maio,CV-S,Cape Verde,Maio Airport,,
2,2,EUX,Oranjestad,BQ-SE,Caribbean Netherlands,F. D. Roosevelt Airport,,
2,2,SAB,Zion's Hill,BQ-SA,Caribbean Netherlands,Juancho E. Yrausquin Airport,,
2,2,CYB,West End,KY-CB,Cayman Islands,Charles Kirkconnell International Airport,,
2,2,AEH,Abeche,TD-OD,Chad,Abeche Airport,,
2,2,ARI,Arica,CL-AP,Chile,Chacalluta International Airport,,
2,2,BBA,Balmaceda,CL-AI,Chile,Balmaceda Airport,,
2,2,CJC,Calama,CL-AN,Chile,El Loa Airport,,
2,2,CPO,Copiapo,CL-AT,Chile,Desierto de Atacama Airport,,
2,2,ESR,El Salvador,CL-AT,Chile,Ricardo García Posada Airport,,
2,2,LSC,La Serena-Coquimbo,CL-CO,Chile,La Florida Airport,,
2,2,ZOS,Osorno,CL-LL,Chile,Cañal Bajo Carlos Hott Siebert Airport,,
2,2,PNT,Puerto Natales,CL-MA,Chile,Lieutenant Julio Gallardo Airport,,
2,2,ZAL,Valdivia,CL-LR,Chile,Pichoy Airport,,
2,2,AKU,Aksu (Onsu),CN-65,China,Aksu Hongqipo Airport,check city name,
2,2,AAT,Altay,CN-65,China,Altay Xuedu Airport,,
2,2,AQG,Anqing,CN-34,China,Anqing Tianzhushan Airport / Anqing North Air Base,,
2,2,AOG,Anshan,CN-21,China,Anshan Teng'ao Airport / Anshan Air Base,,
2,2,AVA,Anshun (Xixiu),CN-52,China,Anshun Huangguoshu Airport,check city name,
2,2,YIE,Arxan,CN-15,China,Arxan Yi'ershi Airport,,
2,2,DBC,Baicheng,CN-22,China,Baicheng Chang'an Airport,,
2,2,AEB,Baise (Tianyang),CN-45,China,Baise (Bose) Bama Airport,check city name,
2,2,NBS,Baishan,CN-22,China,Changbaishan Airport,,
2,2,BPX,Bangda,CN-54,China,Qamdo Bangda Airport,,
2,2,BSD,Baoshan (Longyang),CN-53,China,Baoshan Yunrui Airport,check city name,
2,2,TCZ,Baoshan (Tengchong),CN-53,China,Tengchong Tuofeng Airport,check city name,
2,2,AXF,Bayanhot,CN-15,China,Alxa Left Banner Bayanhot Airport,,
2,2,RLK,Bayannur,CN-15,China,Bayannur Tianjitai Airport,,
2,2,BZX,Bazhong,CN-51,China,Bazhong Enyang Airport,,
2,2,BHY,Beihai,CN-45,China,Beihai Fucheng Airport,,
2,2,BFY,Bengbu,CN-34,China,Bengbu Tenghu Airport,,
2,2,BFJ,Bijie,CN-52,China,Bijie Feixiong Airport,,
2,2,BPL,Bole,CN-65,China,Bole Alashankou Airport,,
2,2,KJI,Burqin,CN-65,China,Burqin Kanas Airport,,
2,2,CGD,Changde (Dingcheng),CN-43,China,Changde Taohuayuan Airport,check city name,
2,2,CZX,Changzhou,CN-32,China,Changzhou Benniu International Airport,,
2,2,CDE,Chengde,CN-13,China,Chengde Puning Airport,,
2,2,HCZ,Chenzhou,CN-43,China,Chenzhou Beihu Airport,,
2,2,CIF,Chifeng,CN-15,China,Chifeng Yulong Airport,,
2,2,DLU,Dali (Xiaguan),CN-53,China,Dali Fengyi Airport,check city name,
2,2,DDG,Dandong (Zhenxing),CN-21,China,Dandong Langtou International Airport,check city name,
2,2,DZH,Dazhou (Dachuan),CN-51,China,Dazhou Jinya Airport,check city name,
2,2,LUM,Dehong (Mangshi),CN-53,China,Dehong Mangshi International Airport,check city name,
2,2,HXD,Delingha,CN-63,China,Haixi Delingha Airport,,
2,2,DIG,Diqing (Shangri-La),CN-53,China,Diqing Shangri-La Airport,check city name,
2,2,DOY,Dongying (Kenli),CN-37,China,Dongying Shengli Airport,check city name,
2,2,ENH,Enshi (Enshi),CN-42,China,Enshi Xujiaping Airport,check city name,
2,2,ERL,Erenhot,CN-15,China,Erenhot Saiwusu International Airport,,
2,2,FUO,Foshan (Nanhai),CN-44,China,Foshan Shadi Airport,check city name,
2,2,FYJ,Fuyuan,CN-23,China,Fuyuan Dongji Airport,,
2,2,FYN,Fuyun,CN-65,China,Fuyun Koktokay Airport,,
2,2,GXH,Gannan (Xiahe),CN-62,China,Gannan Xiahe Airport,check city name,
2,2,DCY,Garzê (Daocheng),CN-51,China,Daocheng Yading Airport,check city name,
2,2,KGT,Garzê (Kangding),CN-51,China,Kangding Airport,check city name,
2,2,GOQ,Golmud,CN-63,China,Golmud Airport,,
2,2,GMQ,Golog (Maqên),CN-63,China,Golog Maqên Airport,check city name,
2,2,GYS,Guangyuan (Lizhou),CN-51,China,Guangyuan Panlong Airport,check city name,
2,2,GYU,Guyuan (Yuanzhou),CN-64,China,Guyuan Liupanshan Airport,check city name,
2,2,HMI,Hami,CN-65,China,Hami Airport,,
2,2,HDG,Handan,CN-13,China,Handan Airport,,
2,2,HZG,Hanzhong (Chenggu),CN-61,China,Hanzhong Chenggu Airport,check city name,
2,2,HCJ,Hechi (Jinchengjiang),CN-45,China,Hechi Jinchengjiang Airport,check city name,
2,2,DTU,Heihe,CN-23,China,Wudalianchi Dedu Airport,,
2,2,HEK,Heihe,CN-23,China,Heihe Aihui Airport,,
2,2,HZA,Heze (Dingtao),CN-37,China,Heze Mudan Airport,check city name,
2,2,HUO,Holingol,CN-15,China,Holingol Huolinhe Airport,,
2,2,HTN,Hotan,CN-65,China,Hotan Airport,,
2,2,HJJ,Huaihua,CN-43,China,Huaihua Zhijiang Airport,,
2,2,HUZ,Huizhou (Pingtan),CN-44,China,Huizhou Pingtan Airport,check city name,
2,2,YIN,Ili (Yining / Ghulja),CN-65,China,Ili Yining International Airport,check city name,
2,2,JGS,Ji'an,CN-36,China,Jinggangshan Airport,,
2,2,JGD,Jiagedaqi,CN-23,China,Daxing'anling Elunchun Airport,,
2,2,JMU,Jiamusi,CN-23,China,Jiamusi Songjiang International Airport,,
2,2,JSJ,Jiansanjiang,CN-23,China,Jiansanjiang Shidi Airport,,
2,2,JIC,Jinchang,CN-62,China,Jinchang Jinchuan Airport,,
2,2,JDZ,Jingdezhen,CN-36,China,Jingdezhen Luojia Airport,,
2,2,SHS,Jingzhou (Shashi),CN-42,China,Jingzhou Shashi Airport,check city name,
2,2,JNG,Jining,CN-37,China,Jining Da'an Airport,,
2,2,JNZ,Jinzhou (Linghai),CN-21,China,Jinzhou Bay Airport,check city name,
2,2,JXA,Jixi,CN-23,China,Jixi Xingkaihu Airport,,
2,2,KJH,Kaili  (Huangping),CN-52,China,Kaili Huangping Airport,check city name,
2,2,KRL,Korla,CN-65,China,Korla Licheng Airport,,
2,2,XIC,Liangshan (Xichang),CN-51,China,Xichang Qingshan Airport,check city name,
2,2,LNJ,Lincang,CN-53,China,Lincang Boshang Airport,,
2,2,CWJ,Lincang (Cangyuan),CN-53,China,Cangyuan Washan Airport,check city name,
2,2,LFQ,Linfen (Yaodu),CN-14,China,Linfen Yaodu Airport,check city name,
2,2,LYI,Linyi (Hedong),CN-37,China,Linyi Qiyang Airport,check city name,
2,2,HZH,Liping,CN-52,China,Liping Airport,,
2,2,LPF,Liupanshui (Zhongshan),CN-52,China,Liupanshui Yuezhao Airport,check city name,
2,2,LZH,Liuzhou (Liujiang),CN-45,China,Liuzhou Bailian Airport / Bailian Air Base,check city name,
2,2,LNL,Longnan (Cheng),CN-62,China,Longnan Chengzhou Airport,check city name,
2,2,LCX,Longyan (Liancheng),CN-35,China,Liancheng Guanzhishan Airport,check city name,
2,2,LLV,Lüliang,CN-61,China,Lüliang Dawu Airport,,
2,2,LZO,Luzhou (Yunlong),CN-51,China,Luzhou Yunlong Airport,check city name,
2,2,NZH,Manzhouli,CN-15,China,Manzhouli Xijiao Airport,,
2,2,HTT,Mengnai,CN-63,China,Huatugou Airport,,
2,2,MIG,Mianyang (Fucheng),CN-51,China,Mianyang Nanjiao Airport,check city name,
2,2,OHE,Mohe,CN-23,China,Mohe Gulian Airport,,
2,2,MDG,Mudanjiang,CN-23,China,Mudanjiang Hailang International Airport,,
2,2,LZG,Nanchong (Langzhong),CN-51,China,Langzhong Gucheng Airport,check city name,
2,2,NTG,Nantong (Tongzhou),CN-32,China,Nantong Xingdong International Airport,check city name,
2,2,JZH,Ngawa (Songpan),CN-51,China,Jiuzhai Huanglong Airport,check city name,
2,2,NLH,Ninglang,CN-53,China,Ninglang Luguhu Airport,,
2,2,LZY,Nyingchi (Mainling),CN-54,China,Nyingchi Mainling Airport,check city name,
2,2,PZI,Panzhihua (Renhe),CN-51,China,Panzhihua Bao'anying Airport,check city name,
2,2,JMJ,Pu'er (Lancang),CN-53,China,Lancang Jingmai Airport,check city name,
2,2,YSQ,Qian Gorlos Mongol Autonomous County,CN-22,China,Songyuan Chaganhu Airport,,
2,2,JIQ,Qianjiang,CN-50,China,Qianjiang Wulingshan Airport,,
2,2,IQM,Qiemo,CN-65,China,Qiemo Yudu Airport,,
2,2,IQN,Qingyang (Xifeng),CN-62,China,Qingyang Xifeng Airport,check city name,
2,2,BPE,Qinhuangdao (Changli),CN-13,China,Qinhuangdao Beidaihe Airport,check city name,
2,2,BAR,Qionghai (Basuo),CN-46,China,Qionghai Bo'ao Airport,check city name,
2,2,JUZ,Quzhou (Kezheng),CN-33,China,Quzhou Airport,check city name,
2,2,RIZ,Rizhao (Donggang),CN-37,China,Rizhao Shanzihe Airport,check city name,
2,2,RQA,Ruoqiang Town,CN-65,China,Ruoqiang Loulan Airport,,
2,2,SQJ,Sanming (Sha),CN-35,China,Sanming Shaxian Airport,check city name,
2,2,QSZ,Shache,CN-65,China,Shache Airport,,
2,2,SQD,Shangrao (Hengfeng),CN-36,China,Shangrao Sanqingshan Airport,check city name,
2,2,HSC,Shaoguan,CN-44,China,Shaoguan Danxia Airport,,
2,2,WGN,Shaoyang (Wugang),CN-43,China,Shaoyang Wugang Airport,check city name,
2,2,HPG,Shennongjia (Hongping),CN-42,China,Shennongjia Hongping Airport,check city name,
2,2,NGQ,Shiquanhe,CN-54,China,Ngari Gunsa Airport,,
2,2,WDS,Shiyan (Maojian),CN-42,China,Shiyan Wudangshan Airport,check city name,
2,2,CHG,"Shuangta, Chaoyang",CN-21,China,Chaoyang Airport,check city name,
2,2,SZH,Shuozhou,CN-14,China,Shuozhou Zirun Airport,,
2,2,HYN,Taizhou (Luqiao),CN-33,China,Taizhou Luqiao Airport,check city name,
2,2,WUZ,Tangbu,CN-45,China,Wuzhou Xijiang Airport,,
2,2,HQL,Tashikuergan,CN-65,China,Tashikuergan Hongqilafu Airport,,
2,2,THQ,Tianshui (Maiji),CN-62,China,Tianshui Maijishan Airport,check city name,
2,2,TNH,Tonghua,CN-22,China,Tonghua Sanyuanpu Airport,,
2,2,TGO,Tongliao,CN-15,China,Tongliao Airport,,
2,2,TEN,Tongren (Daxing),CN-52,China,Tongren Fenghuang Airport,check city name,
2,2,TLQ,Turpan,CN-65,China,Turpan Jiaohe Airport,,
2,2,UCB,Ulanqab,CN-15,China,Ulanqab Jining Airport,,
2,2,WEF,Weifang (Kuiwen),CN-37,China,Weifang Nanyuan Airport,check city name,
2,2,WEH,Weihai,CN-37,China,Weihai Dashuibo Airport,,
2,2,WUA,Wuhai,CN-15,China,Wuhai Airport,,
2,2,WHA,Wuhu,CN-34,China,Wuhu Xuanzhou Airport,,
2,2,CQW,Wulong,CN-50,China,Chongqing Xiannüshan Airport,,
2,2,WUS,Wuyishan,CN-35,China,Nanping Wuyishan Airport,,
2,2,XFN,Xiangyang (Xiangzhou),CN-42,China,Xiangyang Liuji Airport,check city name,
2,2,DDR,Xigazê (Dingri),CN-54,China,Shigatse Tingri Airport,check city name,
2,2,XIL,Xilinhot,CN-15,China,Xilinhot Airport,,
2,2,ACX,Xingyi,CN-52,China,Xingyi Wanfenglin Airport,,
2,2,XAI,Xinyang,CN-41,China,Xinyang Minggang Airport,,
2,2,NLT,Xinyuan,CN-65,China,Xinyuan Nalati Airport,,
2,2,JNH,"Xiuzhou, Hangzhou",CN-33,China,Jiaxing Nanhu Airport,check city name,
2,2,XUZ,Xuzhou,CN-32,China,Xuzhou Guanyin International Airport,,
2,2,ENY,Yan'an (Baota),CN-61,China,Yan'an Nanniwan Airport,check city name,
2,2,YTY,Yangzhou,CN-32,China,Yangzhou Taizhou Airport,,
2,2,YNJ,Yanji,CN-22,China,Yanji Chaoyangchuan Airport,,
2,2,YBP,Yibin (Cuiping),CN-51,China,Yibin Wuliangye Airport,check city name,
2,2,YIH,Yichang (Xiaoting),CN-42,China,Yichang Sanxia Airport,check city name,
2,2,YIC,Yichun,CN-36,China,Yichun Mingyueshan Airport,,
2,2,LDS,Yichun,CN-23,China,Yichun Lindu Airport,,
2,2,YKH,Yingkou (Laobian),CN-21,China,Yingkou Lanqi Airport,check city name,
2,2,FUG,"Yingzhou, Fuyang",CN-34,China,Fuyang Xiguan Airport,check city name,
2,2,LLF,Yongzhou,CN-43,China,Yongzhou Lingling Airport,,
2,2,YYA,Yueyang (Yueyanglou),CN-43,China,Yueyang Sanhe Airport,check city name,
2,2,YLX,Yulin,CN-45,China,Yulin Fumian Airport,,
2,2,UYN,Yulin,CN-61,China,Yulin Yuyang Airport,,
2,2,YUS,Yushu (Batang),CN-63,China,Yushu Batang Airport,check city name,
2,2,NZL,Zhalantun,CN-15,China,Zhalantun Genghis Khan Airport,,
2,2,ZQZ,Zhangjiakou,CN-13,China,Zhangjiakou Ningyuan Airport,,
2,2,YZY,Zhangye (Ganzhou),CN-62,China,Zhangye Ganzhou Airport,check city name,
2,2,ZHY,Zhongwei (Shapotou),CN-64,China,Zhongwei Shapotou Airport,check city name,
2,2,WMT,Zunyi,CN-52,China,Zunyi Maotai Airport,,
2,2,ZYI,Zunyi,CN-52,China,Zunyi Xinzhou Airport,,
2,2,XCH,Flying Fish Cove,CX-U-A,Christmas Island,Christmas Island International Airport,,
2,2,AUC,Arauca,CO-ARA,Colombia,Santiago Perez Airport,,
2,2,AXM,Armenia,CO-QUI,Colombia,El Eden Airport,,
2,2,BSC,Bahía Solano,CO-CHO,Colombia,José Celestino Mutis Airport,,
2,2,EJA,Barrancabermeja,CO-SAN,Colombia,Yariguíes Airport,,
2,2,BGA,Bucaramanga,CO-SAN,Colombia,Palonegro Airport,,
2,2,BUN,Buenaventura,CO-VAC,Colombia,Gerardo Tobar López Airport,,
2,2,APO,Carepa,CO-ANT,Colombia,Antonio Roldán Betancur Airport,,
2,2,PSO,Chachagüí,CO-NAR,Colombia,Antonio Nariño Airport,,
2,2,CZU,Corozal,CO-SUC,Colombia,Las Brujas Airport,,
2,2,CUC,Cúcuta,CO-NSA,Colombia,Camilo Daza International Airport,,
2,2,FLA,Florencia,CO-CAQ,Colombia,Gustavo Artunduaga Paredes Airport,,
2,2,GPI,Guapi,CO-CAU,Colombia,Guapi Airport,,
2,2,IBE,Ibagué,CO-TOL,Colombia,Perales Airport,,
2,2,IPI,Ipiales,CO-NAR,Colombia,San Luis Airport,,
2,2,LET,Leticia,CO-AMA,Colombia,Alfredo Vásquez Cobo International Airport,,
2,2,MZL,Manizales,CO-CAL,Colombia,La Nubia Airport,,
2,2,EOH,Medellín,CO-ANT,Colombia,Enrique Olaya Herrera Airport,,
2,2,MVP,Mitú,CO-VAU,Colombia,Fabio Alberto Leon Bentley Airport,,
2,2,MTR,Montería,CO-COR,Colombia,Los Garzones Airport,,
2,2,NVA,Neiva,CO-HUI,Colombia,Benito Salas Airport,,
2,2,PEI,Pereira,CO-RIS,Colombia,Matecaña International Airport,,
2,2,PPN,Popayán,CO-CAU,Colombia,Guillermo León Valencia Airport,,
2,2,PVA,Providencia,CO-SAP,Colombia,El Embrujo Airport,,
2,2,PUU,Puerto Asís,CO-PUT,Colombia,Tres De Mayo Airport,,
2,2,PCR,Puerto Carreño,CO-VID,Colombia,German Olano Airport,,
2,2,PDA,Puerto Inírida,CO-GUA,Colombia,Obando Cesar Gaviria Trujillo Airport,,
2,2,UIB,Quibdó,CO-CHO,Colombia,El Caraño Airport,,
2,2,RCH,Riohacha,CO-LAG,Colombia,Almirante Padilla Airport,,
2,2,SJE,San José Del Guaviare,CO-GUV,Colombia,Jorge E. Gonzalez Torres Airport,,
2,2,SVI,San Vicente Del Caguán,CO-CAQ,Colombia,Eduardo Falla Solano Airport,,
2,2,SMR,Santa Marta,CO-MAG,Colombia,Simón Bolívar International Airport,,
2,2,TME,Tame,CO-ARA,Colombia,Gustavo Vargas Airport,,
2,2,TCO,Tumaco,CO-NAR,Colombia,La Florida Airport,,
2,2,VUP,Valledupar,CO-CES,Colombia,Alfonso López Pumarejo Airport,,
2,2,VVC,Villavicencio,CO-MET,Colombia,Vanguardia Airport,,
2,2,EYP,Yopal,CO-CAS,Colombia,El Alcaravan - Yopal Airport,,
2,2,AJN,Ouani,KM-A,Comoros,Ouani Airport,,
2,2,FDU,Bandundu,CD-KL,Congo - Kinshasa,Bandundu Airport,,
2,2,BUX,Bunia,CD-IT,Congo - Kinshasa,Bunia Airport,,
2,2,BDT,Gbadolite,CD-NU,Congo - Kinshasa,Gbadolite Airport,,
2,2,GMA,Gemena,CD-SU,Congo - Kinshasa,Gemena Airport,,
2,2,IRP,Isiro,CD-HU,Congo - Kinshasa,Matari Airport,,
2,2,FMI,Kalemie,CD-TA,Congo - Kinshasa,Kalemie Airport,,
2,2,KGA,Kananga,CD-KC,Congo - Kinshasa,Kananga Airport,,
2,2,KKW,Kikwit,CD-KL,Congo - Kinshasa,Kikwit Airport,,
2,2,KND,Kindu,CD-MA,Congo - Kinshasa,Kindu Airport,,
2,2,KWZ,Kolwezi,CD-LU,Congo - Kinshasa,Kolwezi Airport,,
2,2,MDK,Mbandaka,CD-EQ,Congo - Kinshasa,Mbandaka Airport,,
2,2,MJM,Mbuji Mayi,CD-KE,Congo - Kinshasa,Mbuji Mayi Airport,,
2,2,GLF,Golfito,CR-P,Costa Rica,Golfito Airport,,
2,2,FON,La Fortuna,CR-A,Costa Rica,La Fortuna Arenal Airport,,
2,2,LIO,Limón,CR-L,Costa Rica,Limón International Airport,,
2,2,NOB,Nicoya,CR-G,Costa Rica,Nosara Airport,,
2,2,PJM,Puerto Jimenez,CR-P,Costa Rica,Puerto Jimenez Airport,,
2,2,XQP,Quepos,CR-P,Costa Rica,Quepos Managua Airport,,
2,2,SYQ,San Jose,CR-SJ,Costa Rica,Tobías Bolaños International Airport,,
2,2,SPY,,CI-BS,Côte d’Ivoire,San Pedro Airport,NO CITY IN DATA,
2,2,BYK,Bouaké,CI-VB,Côte d’Ivoire,Bouaké Airport,,
2,2,HGO,Korhogo,CI-SV,Côte d’Ivoire,Korhogo Airport,,
2,2,BWK,Gornji Humac,HR-17,Croatia,Brač Airport,,
2,2,OSI,Osijek(Klisa),HR-14,Croatia,Osijek Airport,check city name,
2,2,BCA,Baracoa,CU-14,Cuba,Gustavo Rizo Airport,,
2,2,BYM,Bayamo,CU-12,Cuba,Carlos Manuel de Cespedes Airport,,
2,2,CCC,Cayo Coco,CU-08,Cuba,Jardines Del Rey Airport,,
2,2,CYO,Cayo Largo del Sur,CU-99,Cuba,Vilo Acuña International Airport,,
2,2,CFG,Cienfuegos,CU-06,Cuba,Jaime Gonzalez Airport,,
2,2,VTU,Las Tunas,CU-10,Cuba,Hermanos Ameijeiras Airport,,
2,2,MZO,Manzanillo,CU-12,Cuba,Sierra Maestra International Airport,,
2,2,GER,Nueva Gerona,CU-99,Cuba,Rafael Cabrera Airport,,
2,2,TND,Trinidad,CU-07,Cuba,Alberto Delgado Airport,,
2,2,GEC,Lefkoniko (Geçitkale),CY-03,Cyprus,Lefkoniko Airport / Geçitkale Air Base,check city name,
2,2,BRQ,Brno,CZ-JM,Czechia,Brno-Tuřany Airport,,
2,2,EBJ,Esbjerg,DK-83,Denmark,Esbjerg Airport,,
2,2,KRP,Karup,DK-82,Denmark,Midtjyllands Airport / Air Base Karup,,
2,2,RNN,Rønne,DK-84,Denmark,Bornholm Airport,,
2,2,RKE,Roskilde,DK-85,Denmark,Copenhagen Roskilde Airport,,
2,2,SGD,Sønderborg,DK-83,Denmark,Sønderborg Airport,,
2,2,DCF,Canefield,DM-10,Dominica,Canefield Airport,,
2,2,DOM,Marigot,DM-02,Dominica,Douglas-Charles Airport,,
2,2,BRX,Barahona,DO-04,Dominican Republic,Maria Montez International Airport,,
2,2,JBQ,La Isabela,DO-01,Dominican Republic,La Isabela International Airport,,
2,2,POP,Puerto Plata,DO-18,Dominican Republic,Gregorio Luperon International Airport,,
2,2,AZS,Samana,DO-20,Dominican Republic,Samaná El Catey International Airport,,
2,2,OCC,Coca,EC-D,Ecuador,Francisco De Orellana Airport,,
2,2,CUE,Cuenca,EC-A,Ecuador,Mariscal Lamar Airport,,
2,2,GPS,Isla Baltra,EC-W,Ecuador,Seymour Galapagos Ecological Airport,,
2,2,LTX,Latacunga,EC-X,Ecuador,Cotopaxi International Airport,,
2,2,XMS,Macas,EC-S,Ecuador,Coronel E Carvajal Airport,,
2,2,MEC,Manta,EC-M,Ecuador,Eloy Alfaro International Airport,,
2,2,ETR,Santa Rosa,EC-O,Ecuador,Santa Rosa - Artillery Colonel Victor Larrea International Airport,,
2,2,TUA,Tulcán,EC-C,Ecuador,Lieutenant Colonel Luis A. Mantilla International Airport,,
2,2,ABS,Abu Simbel,EG-ASN,Egypt,Abu Simbel Airport,,
2,2,CCE,New Cairo,EG-C,Egypt,Capital International Airport,,
2,2,TCP,Taba,EG-JS,Egypt,Taba International Airport,,
2,2,ILS,San Salvador,SV-SS,El Salvador,Ilopango International Airport,,
2,2,GEM,Mengomeyén,GQ-WN,Equatorial Guinea,President Obiang Nguema International Airport,,
2,2,ASM,Asmara,ER-SK,Eritrea,Asmara International Airport,,
2,2,KDL,Kärdla,EE-39,Estonia,Kärdla Airport,,
2,2,URE,Kuressaare,EE-74,Estonia,Kuressaare Airport,,
2,2,EPU,Pärnu,EE-67,Estonia,Pärnu Airport,,
2,2,TAY,Tartu,EE-7B,Estonia,Tartu Airport,,
2,2,AMH,Arba Minch,ET-SN,Ethiopia,Arba Minch Airport,,
2,2,ASO,Asosa,ET-BE,Ethiopia,Asosa Airport,,
2,2,AXU,Axum,ET-TI,Ethiopia,Axum Airport,,
2,2,GDQ,Azezo,ET-AM,Ethiopia,Gondar Airport,,
2,2,BJR,Bahir Dar,ET-AM,Ethiopia,Bahir Dar Airport,,
2,2,GMB,Gambela,ET-GA,Ethiopia,Gambela Airport,,
2,2,GDE,Gode,ET-SO,Ethiopia,Gode Airport,,
2,2,JIM,Jimma,ET-OR,Ethiopia,Jimma Airport,,
2,2,BCO,Jinka,ET-SN,Ethiopia,Jinka Airport,,
2,2,ABK,Kebri Dahar,ET-SO,Ethiopia,Kebri Dahar Airport,,
2,2,MQX,Mekele,ET-TI,Ethiopia,Mekele Alula Aba Nega Airport,,
2,2,LBS,Labasa,FJ-N,Fiji,Labasa Airport,,
2,2,ENF,Enontekio,FI-10,Finland,Enontekio Airport,,
2,2,JOE,Joensuu,FI-13,Finland,Joensuu Airport,,
2,2,JYV,Jyväskylän Maalaiskunta,FI-08,Finland,Jyväskylä Airport,,
2,2,KAJ,Kajaani,FI-05,Finland,Kajaani Airport,,
2,2,KEM,Kemi / Tornio,FI-10,Finland,Kemi-Tornio Airport,,
2,2,KOK,Kokkola / Kruunupyy,FI-07,Finland,Kokkola-Pietarsaari Airport,,
2,2,KAO,Kuusamo,FI-14,Finland,Kuusamo Airport,,
2,2,POR,Pori,FI-17,Finland,Pori Airport,,
2,2,SVL,Savonlinna,FI-04,Finland,Savonlinna Airport,,
2,2,AJA,Ajaccio,FR-COR,France,Ajaccio Napoléon Bonaparte airport,,
2,2,NCY,Annecy,FR-ARA,France,Annecy Meythet airport,,
2,2,AUR,Aurillac,FR-ARA,France,Aurillac airport,,
2,2,AVN,Avignon,FR-PAC,France,Avignon Caumont airport,,
2,2,EGC,Bergerac,FR-NAQ,France,Bergerac Dordogne-Périgord airport,,
2,2,BZR,Béziers,FR-OCC,France,Béziers Vias airport,,
2,2,BIQ,Biarritz,FR-NAQ,France,Biarritz Pays Basque airport,,
2,2,BVE,Brive,FR-NAQ,France,Brive Souillac airport,,
2,2,CFR,Caen,FR-NOR,France,Caen Carpiquet airport,,
2,2,CLY,Calvi,FR-COR,France,Calvi Sainte Catherine Airport,,
2,2,CCF,Carcassonne,FR-OCC,France,Carcassonne Salvaza Airport,,
2,2,DCM,Castres,FR-OCC,France,Castres Mazamet Airport,,
2,2,XCR,Chalons en Champagne,FR-GES,France,Chalons Vatry airport,,
2,2,CMF,Chambéry,FR-ARA,France,Chambéry Aix les Bains airport,,
2,2,DOL,Deauville,FR-NOR,France,Deauville Normandie airport,,
2,2,DIJ,Dijon,FR-BFC,France,Dijon Longvic airport,,
2,2,DNR,Dinard,FR-BRE,France,Dinard Pleurtuit Saint-Malo airport,,
2,2,DLE,Dole,FR-BFC,France,Dole Tavaux Airport,,
2,2,ETZ,Goin,FR-GES,France,Metz-Nancy-Lorraine Airport,,
2,2,GNB,Grenoble,FR-ARA,France,Grenoble Alpes Isère Airport,,
2,2,TLN,"Hyères, Var",FR-PAC,France,Toulon-Hyères Airport,check city name,
2,2,LRH,La Rochelle,FR-NAQ,France,La Rochelle Île de Ré Airport,,
2,2,LME,"Le Mans, Sarthe",FR-PDL,France,Le Mans-Arnage Airport,check city name,
2,2,LIG,Limoges/Bellegarde,FR-NAQ,France,Limoges Airport,,
2,2,LRT,Lorient/Lann/Bihoué,FR-BRE,France,Lorient South Brittany (Bretagne Sud) Airport,,
2,2,NTE,Nantes,FR-PDL,France,Nantes Atlantique Airport,,
2,2,FNI,Nîmes/Garons,FR-OCC,France,Nîmes-Arles-Camargue Airport,,
2,2,PUF,Pau/Pyrénées (Uzein),FR-NAQ,France,Pau Pyrénées Airport,check city name,
2,2,PGF,Perpignan/Rivesaltes,FR-OCC,France,Perpignan-Rivesaltes (Llabanère) Airport,,
2,2,PIS,Poitiers/Biard,FR-NAQ,France,Poitiers-Biard Airport,,
2,2,RDZ,Rodez/Marcillac,FR-OCC,France,Rodez–Aveyron Airport,,
2,2,RNS,"Saint-Jacques-de-la-Lande, Ille-et-Vilaine",FR-BRE,France,Rennes-Saint-Jacques Airport,check city name,
2,2,SNR,Saint-Nazaire/Montoir,FR-PDL,France,Saint-Nazaire-Montoir Airport,,
2,2,LDE,Tarbes/Lourdes/Pyrénées,FR-OCC,France,Tarbes-Lourdes-Pyrénées Airport,,
2,2,TUF,"Tours, Indre-et-Loire",FR-CVL,France,Tours Val de Loire Airport,check city name,
2,2,MPY,Maripasoula,GF-SL,French Guiana,Maripasoula Airport,,
2,2,LDX,Saint-Laurent-du-Maroni,GF-SL,French Guiana,Saint-Laurent-du-Maroni Airport,,
2,2,RUR,,PF-U-A,French Polynesia,Rurutu Airport,NO CITY IN DATA,
2,2,TUB,,PF-U-A,French Polynesia,Tubuai Airport,NO CITY IN DATA,
2,2,FAV,,PF-U-A,French Polynesia,Fakarava Airport,NO CITY IN DATA,
2,2,XMH,,PF-U-A,French Polynesia,Manihi Airport,NO CITY IN DATA,
2,2,GMR,,PF-U-A,French Polynesia,Totegegie Airport,NO CITY IN DATA,
2,2,TKP,,PF-U-A,French Polynesia,Takapoto Airport,NO CITY IN DATA,
2,2,AXR,,PF-U-A,French Polynesia,Arutua Airport,NO CITY IN DATA,
2,2,MVT,,PF-U-A,French Polynesia,Mataiva Airport,NO CITY IN DATA,
2,2,TKX,,PF-U-A,French Polynesia,Takaroa Airport,NO CITY IN DATA,
2,2,RGI,,PF-U-A,French Polynesia,Rangiroa Airport,NO CITY IN DATA,
2,2,MAU,,PF-U-A,French Polynesia,Maupiti Airport,NO CITY IN DATA,
2,2,AHE,Ahe Atoll,PF-U-A,French Polynesia,Ahe Airport,,
2,2,AAA,Anaa,PF-U-A,French Polynesia,Anaa Airport,,
2,2,FGU,Fangatau,PF-U-A,French Polynesia,Fangatau Airport,,
2,2,HUH,Fare,PF-U-A,French Polynesia,Huahine-Fare Airport,,
2,2,AUQ,Hiva Oa Island,PF-U-A,French Polynesia,Hiva Oa-Atuona Airport,,
2,2,MKP,Makemo,PF-U-A,French Polynesia,Makemo Airport,,
2,2,MOZ,Moorea-Maiao,PF-U-A,French Polynesia,Moorea Temae Airport,,
2,2,BOB,Motu Mute,PF-U-A,French Polynesia,Bora Bora Airport,,
2,2,NHV,Nuku Hiva,PF-U-A,French Polynesia,Nuku Hiva Airport,,
2,2,HOI,Otepa,PF-U-A,French Polynesia,Hao Airport,,
2,2,KKR,Raitahiti,PF-U-A,French Polynesia,Kaukura Airport,,
2,2,TIH,Tuherahera,PF-U-A,French Polynesia,Tikehau Airport,,
2,2,RFP,Uturoa,PF-U-A,French Polynesia,Raiatea Airport,,
2,2,MVB,Franceville,GA-2,Gabon,M'Vengue El Hadj Omar Bongo Ondimba International Airport,,
2,2,MKU,Makokou,GA-6,Gabon,Makokou Airport,,
2,2,OYE,Oyem,GA-9,Gabon,Oyem Airport,,
2,2,SUI,Sukhumi,GE-AB,Georgia,Vladislav Ardzinba Sukhum International Airport,,
2,2,RLG,Laage,DE-MV,Germany,Rostock-Laage Airport,,
2,2,LBC,Lübeck,DE-SH,Germany,Lübeck Blankensee Airport,,
2,2,MHG,Mannheim,DE-BW,Germany,Mannheim-City Airport,,
2,2,SCN,Saarbrücken,DE-SL,Germany,Saarbrücken Airport,,
2,2,GWT,Sylt,DE-SH,Germany,Westerland Sylt Airport,,
2,2,FCN,Wurster Nordseeküste,DE-NI,Germany,Sea-Airport Cuxhaven/Nordholz / Nordholz Naval Airbase,,
2,2,HDF,Zirchow,DE-MV,Germany,Heringsdorf Airport,,
2,2,TKD,Sekondi-Takoradi,GH-WP,Ghana,Takoradi Airport,,
2,2,NYI,Sunyani,GH-BO,Ghana,Sunyani Airport,,
2,2,AXD,Alexandroupolis,GR-A,Greece,Alexandroupoli Democritus Airport,,
2,2,JKH,Chios Island,GR-K,Greece,Chios Island National Airport,,
2,2,JSH,Crete Island,GR-M,Greece,Sitia Airport,,
2,2,IOA,Ioannina,GR-D,Greece,Ioannina King Pyrrhus National Airport,,
2,2,KLX,Kalamata,GR-J,Greece,Kalamata Airport,,
2,2,AOK,Karpathos Island,GR-L,Greece,Karpathos Airport,,
2,2,EFL,Kefallinia Island,GR-F,Greece,Kefallinia Airport,,
2,2,KZI,Kozani,GR-C,Greece,Kozani National Airport Filippos,,
2,2,JMK,Mykonos,GR-L,Greece,Mykonos Island National Airport,,
2,2,MJT,Mytilene,GR-K,Greece,Mytilene International Airport,,
2,2,VOL,Nea Anchialos,GR-E,Greece,Nea Anchialos National Airport,,
2,2,GPA,Patras,GR-G,Greece,Patras Araxos Agamemnon Airport,,
2,2,PVK,Preveza,GR-D,Greece,Aktion National Airport,,
2,2,SMI,Samos Island,GR-K,Greece,Samos Airport,,
2,2,JSI,Skiathos,GR-E,Greece,Skiathos Island National Airport,,
2,2,ZTH,Zakynthos,GR-F,Greece,Zakynthos International Airport Dionysios Solomos,,
2,2,JEG,Aasiaat,GL-QK,Greenland,Aasiaat Airport,,
2,2,JAV,Ilulissat,GL-AV,Greenland,Ilulissat Airport,,
2,2,SFJ,Kangerlussuaq,GL-QA,Greenland,Kangerlussuaq International Airport,,
2,2,KUS,Kulusuk,GL-SE,Greenland,Kulusuk Airport,,
2,2,CNP,Neerlerit Inaat,GL-SE,Greenland,Neerlerit Inaat Airport,,
2,2,THU,Pituffik,GL-AV,Greenland,Pituffik Space Base,,
2,2,NAQ,Qaanaaq,GL-AV,Greenland,Qaanaaq Airport,,
2,2,JJU,Qaqortoq,GL-KU,Greenland,Qaqortoq Airport,,
2,2,JHS,Sisimiut,GL-QA,Greenland,Sisimiut Airport,,
2,2,GBJ,Grand-Bourg,GP-U-A,Guadeloupe,Marie-Galante Airport,,
2,2,PBR,Puerto Barrios,GT-IZ,Guatemala,Puerto Barrios Airport,,
2,2,RER,Retalhuleu,GT-RE,Guatemala,Retalhuleu Airport,,
2,2,FRS,San Benito,GT-PE,Guatemala,Mundo Maya International Airport,,
2,2,ACI,Saint Anne,GG-A,Guernsey,Alderney Airport,,
2,2,GCI,Saint Peter Port,GG-G,Guernsey,Guernsey Airport,,
2,2,KAI,Kaieteur Falls,GY-PT,Guyana,Kaieteur Airport,,
2,2,LTM,Lethem,GY-UT,Guyana,Lethem Airport,,
2,2,OGL,Ogle,GY-DE,Guyana,Eugene F. Correia International Airport,,
2,2,JEE,Carrefour Sanon,HT-GA,Haiti,Jérémie Airport,,
2,2,CYA,Les Cayes,HT-SD,Haiti,Antoine-Simon International Airport,,
2,2,GJA,Guanaja,HN-IB,Honduras,La Laguna Airport,,
2,2,LCE,La Ceiba,HN-AT,Honduras,Golosón International Airport,,
2,2,TGU,Tegucigalpa,HN-FM,Honduras,Toncontín Airport,,
2,2,SOB,Sármellék,HU-ZA,Hungary,Hévíz–Balaton Airport,,
2,2,EGS,Egilsstaðir,IS-7,Iceland,Egilsstaðir Airport,,
2,2,GRY,Grímsey/Sandvík,IS-6,Iceland,Grímsey Airport,,
2,2,HFN,Höfn,IS-8,Iceland,Hornafjörður Airport,,
2,2,IFJ,Ísafjörður,IS-4,Iceland,Ísafjörður Airport,,
2,2,RKV,Reykjavík,IS-1,Iceland,Reykjavík Domestic Airport,,
2,2,VPN,Vopnafjörður,IS-7,Iceland,Vopnafjörður Airport,,
2,2,TEZ,,IN-AS,India,Tezpur Airport,NO CITY IN DATA,
2,2,JSA,,IN-RJ,India,Jaisalmer Airport,NO CITY IN DATA,
2,2,IXA,Agartala,IN-TR,India,Agartala - Maharaja Bir Bikram Airport,,
2,2,AGX,Agatti,IN-LD,India,Agatti Airport,,
2,2,AGR,Agra,IN-UP,India,Agra Airport / Agra Air Force Station,,
2,2,AJL,Aizawl (Lengpui),IN-MZ,India,Lengpui Airport,check city name,
2,2,KQH,Ajmer (Kishangarh),IN-RJ,India,Kishangarh Airport Ajmer,check city name,
2,2,IXD,Allahabad,IN-UP,India,Prayagraj Airport,,
2,2,AHA,Ambikapur,IN-CT,India,Maa Mahamaya Airport,,
2,2,IXU,Aurangabad,IN-MM,India,Aurangabad Airport,,
2,2,BEK,Bareilly,IN-UP,India,Bareilly Air Force Station,,
2,2,IXG,Belgaum,IN-KA,India,Belagavi Airport,,
2,2,BHU,Bhavnagar,IN-GJ,India,Bhavnagar Airport,,
2,2,UKE,Bhawanipatna,IN-OR,India,Utkela Airport,,
2,2,BHJ,Bhuj,IN-GJ,India,Bhuj Airport,,
2,2,KUU,Bhuntar,IN-HP,India,Kullu Manali Airport,,
2,2,PAB,Bilaspur,IN-CT,India,Bilaspur Airport,,
2,2,SDW,Chipi,IN-MM,India,Sindhudurg Airport,,
2,2,DBR,Darbhanga,IN-BR,India,Darbhanga Airport,,
2,2,DED,Dehradun (Jauligrant),IN-UT,India,Dehradun Jolly Grant Airport,check city name,
2,2,DIB,Dibrugarh,IN-AS,India,Dibrugarh Airport,,
2,2,DMU,Dimapur,IN-NL,India,Dimapur Airport,,
2,2,RDP,Durgapur,IN-WB,India,Kazi Nazrul Islam Airport,,
2,2,AYJ,Faizabad,IN-UP,India,Maharshi Valmiki International Airport,,
2,2,GAY,Gaya,IN-BR,India,Gaya Airport,,
2,2,GDB,Gondia,IN-MM,India,Gondia Airport,,
2,2,GOP,Gorakhpur,IN-UP,India,Gorakhpur Airport,,
2,2,GWL,Gwalior,IN-MP,India,Gwalior Airport,,
2,2,HGI,Hollongi,IN-AR,India,Itanagar Donyi Polo Hollongi Airport,,
2,2,HBX,Hubballi,IN-KA,India,Hubballi Airport,,
2,2,JLR,Jabalpur,IN-MP,India,Jabalpur Airport,,
2,2,IXJ,Jammu,IN-JK,India,Jammu Airport,,
2,2,JGA,Jamnagar,IN-GJ,India,Jamnagar Airport,,
2,2,JDH,Jodhpur,IN-RJ,India,Jodhpur Airport,,
2,2,JRH,Jorhat,IN-AS,India,Jorhat Airport,,
2,2,CDP,Kadapa,IN-AP,India,Kadapa Airport,,
2,2,IXY,Kandla,IN-GJ,India,Kandla Airport,,
2,2,DHM,Kangra,IN-HP,India,Kangra Airport,,
2,2,KNU,Kanpur,IN-UP,India,Kanpur Airport,,
2,2,IXK,Keshod,IN-GJ,India,Keshod Airport,,
2,2,HJR,Khajuraho,IN-MP,India,Khajuraho Airport,,
2,2,KLH,Kolhapur,IN-MM,India,Kolhapur Airport,,
2,2,LTU,Latur,IN-MM,India,Murod Kond Airport,,
2,2,IXL,Leh,IN-LA,India,Leh Kushok Bakula Rimpochee Airport,,
2,2,IXI,Lilabari,IN-AS,India,Lilabari North Lakhimpur Airport,,
2,2,RJA,Madhurapudi,IN-AP,India,Rajahmundry Airport,,
2,2,IXM,Madurai,IN-TN,India,Madurai Airport,,
2,2,MZS,Moradabad,IN-UP,India,Moradabad Airport,,
2,2,MYQ,Mysore,IN-KA,India,Mysore Airport,,
2,2,NDC,Nanded,IN-MM,India,Nanded Airport,,
2,2,KJB,Orvakal,IN-AP,India,Kurnool Airport,,
2,2,PGH,Pantnagar,IN-UP,India,Pantnagar Airport,,
2,2,IXP,Pathankot,IN-PB,India,Pathankot Airport,,
2,2,PAT,Patna,IN-BR,India,Jay Prakash Narayan Airport,,
2,2,PBD,Porbandar,IN-GJ,India,Porbandar Airport,,
2,2,PNY,Puducherry (Pondicherry),IN-PY,India,Pondicherry Airport,check city name,
2,2,RPR,Raipur,IN-CT,India,Swami Vivekananda Airport,,
2,2,IXR,Ranchi,IN-JH,India,Birsa Munda Airport,,
2,2,REW,Rewa,IN-MP,India,"Rewa Airport, Chorhata, REWA",,
2,2,SHL,Shillong,IN-ML,India,Shillong Airport,,
2,2,IXS,Silchar,IN-AS,India,Silchar Airport,,
2,2,UDR,Udaipur,IN-RJ,India,Maharana Pratap Airport,,
2,2,TKG,Bandar Lampung,ID-LA,Indonesia,Radin Inten II International Airport,,
2,2,BDO,Bandung,ID-JB,Indonesia,Husein Sastranegara International Airport,,
2,2,BKS,Bengkulu,ID-BE,Indonesia,Fatmawati Soekarno Airport,,
2,2,BIK,Biak,ID-PA,Indonesia,Frans Kaisiepo Airport,,
2,2,UGU,Bilogai,ID-PT,Indonesia,Bilorai Airport,,
2,2,BMU,Bima,ID-NB,Indonesia,Sultan Muhammad Salahuddin Airport,,
2,2,CXP,Cilacap,ID-JT,Indonesia,Tunggul Wulung Airport,,
2,2,DUM,Dumai,ID-RI,Indonesia,Pinang Kampai Airport,,
2,2,FKQ,Fakfak,ID-PB,Indonesia,Fakfak Airport,,
2,2,GNS,Gunungsitoli,ID-SU,Indonesia,Binaka Airport,,
2,2,KNG,Kaimana,ID-PB,Indonesia,Utarom Airport,,
2,2,DHX,Kediri,ID-JI,Indonesia,Dhoho International Airport,,
2,2,KJT,Kertajati,ID-JB,Indonesia,Kertajati International Airport,,
2,2,KTG,Ketapang,ID-KB,Indonesia,Rahadi Osman Airport,,
2,2,KXB,Kolaka,ID-SG,Indonesia,Sangia Nibandera Airport,,
2,2,MEQ,Kuala Pesisir,ID-AC,Indonesia,Cut Nyak Dhien Airport,,
2,2,KOE,Kupang,ID-NT,Indonesia,El Tari Airport,,
2,2,LSR,Kutacane,ID-AC,Indonesia,Alas Leuser Airport,,
2,2,LUV,Langgur,ID-MA,Indonesia,Karel Sadsuitubun Airport,,
2,2,MLG,Malang,ID-JI,Indonesia,Abdul Rachman Saleh Airport,,
2,2,MKW,Manokwari,ID-PB,Indonesia,Rendani Airport,,
2,2,MKQ,Merauke,ID-PS,Indonesia,Mopah International Airport,,
2,2,NAM,Namniwel,ID-MA,Indonesia,Namniwel Airport,,
2,2,NPO,Nanga Pinoh-Borneo Island,ID-KB,Indonesia,Nanga Pinoh Airport,,
2,2,OKL,Oksibil,ID-PP,Indonesia,Oksibil Airport,,
2,2,PKY,Palangkaraya,ID-KT,Indonesia,Tjilik Riwut Airport,,
2,2,PLM,Palembang,ID-SS,Indonesia,Sultan Mahmud Badaruddin II Airport,,
2,2,PLW,Palu,ID-ST,Indonesia,Mutiara - SIS Al-Jufrie Airport,,
2,2,PGK,Pangkal Pinang,ID-BB,Indonesia,Depati Amir Airport,,
2,2,PKU,Pekanbaru,ID-RI,Indonesia,Sultan Syarif Kasim II International Airport / Roesmin Nurjadin AFB,,
2,2,PSU,Putussibau-Borneo Island,ID-KB,Indonesia,Pangsuma Airport,,
2,2,NTX,Ranai-Natuna Besar Island,ID-KR,Indonesia,Ranai Airport,,
2,2,AAP,Samarinda,ID-KI,Indonesia,Aji Pangeran Tumenggung Pranoto International Airport,,
2,2,FLZ,Sibolga (Pinangsori),ID-SU,Indonesia,Dr. Ferdinand Lumban Tobing Airport,check city name,
2,2,SQG,Sintang,ID-KB,Indonesia,Tebelian Airport,,
2,2,SOQ,Sorong,ID-PB,Indonesia,Domine Eduard Osok Airport,,
2,2,NAH,"Tabukan Utara, Sangihe Islands",ID-SA,Indonesia,Naha Airport,check city name,
2,2,TXE,Takengon,ID-AC,Indonesia,Rembele Airport,,
2,2,PDO,Talang Gudang-Sumatra Island,ID-SS,Indonesia,Pendopo Airport,,
2,2,TMH,Tanah Merah,ID-PS,Indonesia,Tanah Merah Airport,,
2,2,TNJ,Tanjung Pinang-Bintan Island,ID-KR,Indonesia,Raja Haji Fisabilillah International Airport,,
2,2,BEJ,Tanjung Redeb - Borneo Island,ID-KI,Indonesia,Kalimarau Airport,,
2,2,TJG,Tanta-Tabalong,ID-KS,Indonesia,Warukin Airport,,
2,2,TRK,Tarakan,ID-KU,Indonesia,Juwata International Airport / Suharnoko Harbani AFB,,
2,2,TTE,Ternate,ID-MU,Indonesia,Sultan Babullah Airport,,
2,2,TIM,Timika,ID-PT,Indonesia,Mozes Kilangin Airport,,
2,2,TRT,Toraja,ID-SS,Indonesia,Toraja Airport,,
2,2,WMX,Wamena,ID-PP,Indonesia,Wamena Airport,,
2,2,WNI,Wangi-wangi Island,ID-SG,Indonesia,Matahora Airport,,
2,2,JOG,Yogyakarta,ID-YO,Indonesia,Adisutjipto International Airport,,
2,2,KHD,,IR-15,Iran,Khoram Abad Airport,NO CITY IN DATA,
2,2,SDG,,IR-12,Iran,Sanandaj Airport,NO CITY IN DATA,
2,2,AEU,Abu Musa,IR-22,Iran,Abu Musa Island Airport,,
2,2,ADU,Ardabil,IR-24,Iran,Ardabil Airport,,
2,2,BXR,Bam,IR-08,Iran,Bam Airport,,
2,2,BDH,Bandar Lengeh,IR-22,Iran,Bandar Lengeh International Airport,,
2,2,BJB,Bojnord,IR-28,Iran,Bojnord Airport,,
2,2,BUZ,Bushehr,IR-18,Iran,Bushehr Airport,,
2,2,DEF,Dezful,IR-06,Iran,Dezful Airport,,
2,2,GCH,Gachsaran,IR-17,Iran,Gachsaran Airport,,
2,2,HDM,Hamadan,IR-13,Iran,Hamadan Airport,,
2,2,KKS,Kashan,IR-10,Iran,Kashan Airport,,
2,2,KSH,Kermanshah,IR-05,Iran,Shahid Ashrafi Esfahani Airport,,
2,2,KHK,Khark,IR-18,Iran,Khark Airport,,
2,2,PGU,Khiyaroo,IR-18,Iran,Persian Gulf International Airport,,
2,2,ZBR,Konarak,IR-11,Iran,Chabahar Konarak International Airport,,
2,2,LFM,Lamerd,IR-07,Iran,Lamerd Airport,,
2,2,LRR,Lar,IR-07,Iran,Lar Airport,,
2,2,MRX,Mahshahr,IR-06,Iran,Mahshahr Airport,,
2,2,NSH,Nowshahr,IR-02,Iran,Nowshahr Airport,,
2,2,RJN,Rafsanjan,IR-08,Iran,Rafsanjan Airport,,
2,2,RZR,Ramsar,IR-02,Iran,Ramsar Airport,,
2,2,RAS,Rasht,IR-01,Iran,Sardar-e-Jangal Airport,,
2,2,AFZ,Sabzevar,IR-09,Iran,Sabzevar National Airport,,
2,2,SRY,Sari,IR-02,Iran,Sari Dasht-e Naz International Airport,,
2,2,OMH,Urmia,IR-04,Iran,Urmia Airport,,
2,2,AZD,Yazd,IR-21,Iran,Shahid Sadooghi Airport,,
2,2,ISU,Sulaymaniyah,IQ-SW,Iraq,Jalal Talabani International Airport,,
2,2,CFN,Donegal,IE-DL,Ireland,Donegal Airport,,
2,2,KIR,Farranfore,IE-KY,Ireland,Kerry Airport,,
2,2,HFA,Haifa,IL-HA,Israel,Uri Michaeli Haifa International Airport,,
2,2,AHO,Alghero,IT-88,Italy,Alghero-Fertilia Airport,,
2,2,BZO,Bolzano (BZ),IT-32,Italy,Bolzano Airport,check city name,
2,2,EBA,Campo nell'Elba (LI),IT-52,Italy,Marina di Campo Airport,check city name,
2,2,CIY,Comiso,IT-82,Italy,Comiso Airport,,
2,2,AOI,Falconara Marittima (AN),IT-57,Italy,Marche Airport,check city name,
2,2,FOG,Foggia (FG),IT-75,Italy,Foggia Gino Lisa Airport,check city name,
2,2,FRL,Forlì (FC),IT-45,Italy,Forlì-Luigi Ridolfi International Airport,check city name,
2,2,CRV,Isola di Capo Rizzuto (KR),IT-78,Italy,Crotone Sant'Anna Pythagoras Airport,check city name,
2,2,LMP,Lampedusa,IT-82,Italy,Lampedusa Airport,,
2,2,CUF,Levaldigi (CN),IT-21,Italy,Cuneo International Airport,check city name,
2,2,VBS,Montichiari (BS),IT-25,Italy,Brescia Gabriele d'Annunzio Airport,check city name,
2,2,PNL,Pantelleria (TP),IT-82,Italy,Pantelleria Airport,check city name,
2,2,PMF,Parma (PR),IT-45,Italy,Parma Airport,check city name,
2,2,REG,Reggio Calabria,IT-78,Italy,Reggio Calabria Airport,,
2,2,QSR,Salerno,IT-72,Italy,Salerno Costa d'Amalfi Airport,,
2,2,TPS,Trapani (TP),IT-82,Italy,Vincenzo Florio Airport Trapani-Birgi,check city name,
2,2,OCJ,Boscobel,JM-05,Jamaica,Ian Fleming International Airport,,
2,2,KTP,Tinson Pen,JM-02,Jamaica,Tinson Pen Airport,,
2,2,AXT,Akita,JP-05,Japan,Akita Airport,,
2,2,TKN,Amagi,JP-46,Japan,Tokunoshima Airport,,
2,2,AXJ,Amakusa,JP-43,Japan,Amakusa Airport,,
2,2,ASJ,Amami,JP-46,Japan,Amami Airport,,
2,2,FUJ,Goto,JP-42,Japan,Fukue Airport,,
2,2,HAC,Hachijojima,JP-13,Japan,Hachijojima Airport,,
2,2,HNA,Hanamaki,JP-03,Japan,Iwate Hanamaki Airport,,
2,2,AKJ,Higashikagura,JP-01,Japan,Asahikawa Airport,,
2,2,GAJ,Higashine,JP-06,Japan,Yamagata Airport,,
2,2,IKI,Iki,JP-42,Japan,Iki Airport,,
2,2,ISG,Ishigaki,JP-47,Japan,New Ishigaki Airport,,
2,2,IWK,Iwakuni,JP-35,Japan,Iwakuni Kintaikyo Airport,,
2,2,OIM,Izu Oshima,JP-13,Japan,Oshima Airport,,
2,2,IZO,Izumo,JP-32,Japan,Izumo Enmusubi Airport,,
2,2,KKX,Kikai,JP-46,Japan,Kikai Airport,,
2,2,ONJ,Kitaakita,JP-05,Japan,Odate Noshiro Airport,,
2,2,KTD,Kitadaitōjima,JP-47,Japan,Kitadaito Airport,,
2,2,UEO,Kumejima,JP-47,Japan,Kumejima Airport,,
2,2,KUH,Kushiro,JP-01,Japan,Kushiro Airport,,
2,2,IWJ,Masuda,JP-32,Japan,Iwami Airport,,
2,2,MMJ,Matsumoto,JP-20,Japan,Shinshu-Matsumoto Airport,,
2,2,MMD,Minamidaito,JP-47,Japan,Minamidaito Airport,,
2,2,MSJ,Misawa,JP-02,Japan,Misawa Airport / Misawa Air Base,,
2,2,MYE,Miyakejima,JP-13,Japan,Miyakejima Airport,,
2,2,MMY,Miyakojima,JP-47,Japan,Miyako Airport,,
2,2,SHI,Miyakojima,JP-47,Japan,Shimojishima Airport,,
2,2,MBE,Monbetsu,JP-01,Japan,Monbetsu Airport,,
2,2,NKM,Nagoya,JP-23,Japan,Nagoya Airport / JASDF Komaki Air Base,,
2,2,SHB,Nakashibetsu,JP-01,Japan,Nakashibetsu Airport,,
2,2,OBO,Obihiro,JP-01,Japan,Tokachi-Obihiro Airport,,
2,2,OIT,Oita,JP-44,Japan,Oita Airport,,
2,2,OKI,Okinoshima,JP-32,Japan,Oki Global Geopark Airport,,
2,2,OIR,Okushiri Island,JP-01,Japan,Okushiri Airport,,
2,2,MMB,Ōzora,JP-01,Japan,Memanbetsu Airport,,
2,2,RIS,Rishiri,JP-01,Japan,Rishiri Airport,,
2,2,SDS,Sado,JP-15,Japan,Sado Airport,,
2,2,OKD,Sapporo,JP-01,Japan,Sapporo Okadama Airport,,
2,2,SHM,Shirahama,JP-30,Japan,Nanki Shirahama Airport,,
2,2,SYO,Shonai,JP-06,Japan,Shonai Airport,,
2,2,FKS,Sukagawa,JP-07,Japan,Fukushima Airport,,
2,2,TNE,Tanegashima,JP-46,Japan,New Tanegashima Airport,,
2,2,TRA,Tarama,JP-47,Japan,Tarama Airport,,
2,2,TTJ,Tottori,JP-31,Japan,Tottori Sand Dunes Conan Airport,,
2,2,TOY,Toyama,JP-16,Japan,Toyama Kitokito Airport,,
2,2,TJH,Toyooka,JP-28,Japan,Konotori Tajima Airport,,
2,2,TSJ,Tsushima,JP-42,Japan,Tsushima Airport,,
2,2,UBJ,Ube,JP-35,Japan,Yamaguchi Ube Airport,,
2,2,OKE,Wadomari,JP-46,Japan,Okinoerabu Airport,,
2,2,NTQ,Wajima,JP-17,Japan,Noto Satoyama Airport,,
2,2,WKJ,Wakkanai,JP-01,Japan,Wakkanai Airport,,
2,2,KUM,Yakushima,JP-46,Japan,Yakushima Airport,,
2,2,YGJ,Yonago,JP-31,Japan,Yonago Kitaro Airport / JASDF Miho Air Base,,
2,2,OGN,Yonaguni,JP-47,Japan,Yonaguni Airport,,
2,2,RNJ,Yoron,JP-46,Japan,Yoron Airport,,
2,2,JER,St. Peter,JE-U-A,Jersey,Jersey Airport,,
2,2,BXH,Balkhash,KZ-KAR,Kazakhstan,Balkhash Airport,,
2,2,TDK,Taldykorgan,KZ-JET,Kazakhstan,Taldykorgan Airport,,
2,2,NYK,Gathiuru,KE-19,Kenya,Nanyuki Civil Airport,,
2,2,LAU,Lamu,KE-05,Kenya,Manda Airport,,
2,2,MYD,Malindi,KE-03,Kenya,Malindi International Airport,,
2,2,WIL,Nairobi,KE-47,Kenya,Nairobi Wilson Airport,,
2,2,ASV,Ol Tukai,KE-34,Kenya,Amboseli Airport,,
2,2,MRE,Serena,KE-33,Kenya,Mara Serena Lodge Airstrip,,
2,2,WJR,Wajir,KE-08,Kenya,Wajir Airport,,
2,2,IKG,Karakol,KG-Y,Kyrgyzstan,Karakol International Airport,,
2,2,BOR,Ton Phueng,LA-BK,Laos,Bokeo International Airport,,
2,2,MLW,Monrovia,LR-MO,Liberia,Spriggs Payne Airport,,
2,2,LTD,Ghadames,LY-NL,Libya,Ghadames Airport,,
2,2,GHT,Ghat,LY-GT,Libya,Ghat Airport,,
2,2,AKF,Kufra,LY-KF,Libya,Kufra Airport,,
2,2,SEB,Sabha,LY-SB,Libya,Sabha Airport,,
2,2,DIE,Antisiranana,MG-D,Madagascar,Arrachart Airport,,
2,2,BPY,Besalampy,MG-M,Madagascar,Besalampy Airport,,
2,2,MNJ,Mananjary,MG-F,Madagascar,Mananjary Airport,,
2,2,WMN,Maroantsetra,MG-A,Madagascar,Maroantsetra Airport,,
2,2,MOQ,Morondava,MG-U,Madagascar,Morondava Airport,,
2,2,SVB,Sambava,MG-D,Madagascar,Sambava Airport,,
2,2,FTU,Tôlanaro,MG-U,Madagascar,Tôlanaro Airport,,
2,2,TLE,Toliara,MG-U,Madagascar,Toliara Airport,,
2,2,SMS,Vohilava,MG-A,Madagascar,Sainte Marie Airport,,
2,2,AOR,Alor Satar,MY-02,Malaysia,Sultan Abdul Halim Airport,,
2,2,BBN,Bario,MY-13,Malaysia,Bario Airport,,
2,2,BTU,Bintulu,MY-13,Malaysia,Bintulu Airport,,
2,2,KBR,Kota Baharu,MY-03,Malaysia,Sultan Ismail Petra Airport,,
2,2,TGG,Kuala Terengganu,MY-11,Malaysia,Sultan Mahmud Airport,,
2,2,KUA,Kuantan,MY-06,Malaysia,Kuantan Airport,,
2,2,LBU,Labuan,MY-15,Malaysia,Labuan Airport,,
2,2,LDU,Lahad Datu,MY-12,Malaysia,Lahad Datu Airport,,
2,2,LMN,Limbang,MY-13,Malaysia,Limbang Airport,,
2,2,MKZ,Malacca,MY-04,Malaysia,Malacca International Airport,,
2,2,MUR,Marudi,MY-13,Malaysia,Marudi Airport,,
2,2,MYY,Miri,MY-13,Malaysia,Miri Airport,,
2,2,MKM,Mukah,MY-13,Malaysia,Mukah Airport,,
2,2,MZV,Mulu,MY-13,Malaysia,Mulu Airport,,
2,2,SDK,Sandakan,MY-12,Malaysia,Sandakan Airport,,
2,2,SBW,Sibu,MY-13,Malaysia,Sibu Airport,,
2,2,TWU,Tawau,MY-12,Malaysia,Tawau Airport,,
2,2,TOD,Tioman Island,MY-06,Malaysia,Tioman Airport,,
2,2,KDM,Huvadhu Atoll,MV-28,Maldives,Kaadedhdhoo Airport,,
2,2,KDO,Kadhdhoo,MV-05,Maldives,Kadhdhoo Airport,,
2,2,VAM,Maamigili,MV-00,Maldives,Villa International Airport Maamigili,,
2,2,GAQ,Gao,ML-7,Mali,Gao International Airport,,
2,2,KYS,Kayes,ML-1,Mali,Kayes Dag Dag Airport,,
2,2,MZI,Sévaré,ML-5,Mali,Mopti Airport,,
2,2,KWA,Kwajalein,MH-KWA,Marshall Islands,Bucholz Army Air Field,,
2,2,OUZ,Zouérate,MR-11,Mauritania,Tazadit Airport,,
2,2,RRG,Port Mathurin,MU-RO,Mauritius,Sir Charles Gaetan Duval Airport,,
2,2,CSW,Cabo San Lucas,MX-BCS,Mexico,Cabo San Lucas International Airport,,
2,2,CPE,Campeche,MX-CAM,Mexico,Ingeniero Alberto Acuña Ongay International Airport,,
2,2,CTM,Chetumal,MX-ROO,Mexico,Chetumal International Airport,,
2,2,CME,Ciudad del Carmen,MX-CAM,Mexico,Ciudad del Carmen International Airport,,
2,2,TAM,Ciudad Madero,MX-TAM,Mexico,General Francisco Javier Mina International Airport,,
2,2,CEN,Ciudad Obregón,MX-SON,Mexico,Ciudad Obregón International Airport,,
2,2,CVM,Ciudad Victoria,MX-TAM,Mexico,General Pedro Jose Mendez International Airport,,
2,2,CLQ,Colima,MX-COL,Mexico,Licenciado Miguel de la Madrid International Airport,,
2,2,MTT,Cosoleacaque,MX-VER,Mexico,Minatitlán/Coatzacoalcos International Airport,,
2,2,DGO,Durango,MX-DUR,Mexico,General Guadalupe Victoria International Airport,,
2,2,GYM,Guaymas,MX-SON,Mexico,General José María Yáñez International Airport,,
2,2,IZT,Ixtepec,MX-OAX,Mexico,General Antonio Cárdenas Rodríguez National Airport / Ixtepec Air Base,,
2,2,LAP,La Paz,MX-BCS,Mexico,Manuel Márquez de León International Airport,,
2,2,LMM,Los Mochis,MX-SIN,Mexico,Valle del Fuerte International Airport,,
2,2,ZLO,Manzanillo,MX-COL,Mexico,Playa de Oro International Airport,,
2,2,MAM,Matamoros,MX-TAM,Mexico,General Servando Canales International Airport,,
2,2,MXL,Mexicali,MX-BCN,Mexico,General Rodolfo Sánchez Taboada International Airport,,
2,2,NLD,Nuevo Laredo,MX-TAM,Mexico,Quetzalcóatl International Airport,,
2,2,PDS,Piedras Negras,MX-COA,Mexico,Piedras Negras International Airport,,
2,2,PAZ,Poza Rica,MX-VER,Mexico,El Tajín National Airport,,
2,2,PXM,Puerto Escondido,MX-OAX,Mexico,Puerto Escondido International Airport,,
2,2,REX,Reynosa,MX-TAM,Mexico,General Lucio Blanco International Airport,,
2,2,SLW,Saltillo,MX-COA,Mexico,Plan de Guadalupe International Airport,,
2,2,SLP,San Luis Potosí,MX-SLP,Mexico,Ponciano Arriaga International Airport,,
2,2,TAP,Tapachula,MX-CHP,Mexico,Tapachula International Airport,,
2,2,TPQ,Tepic,MX-NAY,Mexico,Amado Nervo National Airport,,
2,2,TRC,Torreón,MX-COA,Mexico,Francisco Sarabia Tinoco International Airport,,
2,2,TGZ,Tuxtla Gutiérrez,MX-CHP,Mexico,Angel Albino Corzo International Airport,,
2,2,UPN,Uruapan,MX-MIC,Mexico,Uruapan - Licenciado y General Ignacio Lopez Rayon International Airport,,
2,2,ZCL,Zacatecas,MX-ZAC,Mexico,General Leobardo C. Ruiz International Airport,,
2,2,PNI,Pohnpei Island,FM-PNI,Micronesia,Pohnpei International Airport,,
2,2,COQ,,MN-061,Mongolia,Choibalsan Airport,NO CITY IN DATA,
2,2,LTI,Altai,MN-065,Mongolia,Altai Airport,,
2,2,AVK,Arvaikheer,MN-055,Mongolia,Arvaikheer Airport,,
2,2,BYN,Bayankhongor,MN-069,Mongolia,Bayankhongor Airport,,
2,2,UGA,Bulgan,MN-067,Mongolia,Bulgan Airport,,
2,2,DLZ,Dalanzadgad,MN-053,Mongolia,Dalanzadgad Airport,,
2,2,HVD,Khovd,MN-043,Mongolia,Khovd Airport,,
2,2,MXV,Mörön,MN-041,Mongolia,Mörön Airport,,
2,2,ULG,Ölgii,MN-071,Mongolia,Ölgii Mongolei International Airport,,
2,2,ULO,Ulaangom,MN-046,Mongolia,Ulaangom Airport,,
2,2,TIV,Tivat,ME-19,Montenegro,Tivat Airport,,
2,2,ERH,Errachidia,MA-08,Morocco,Moulay Ali Cherif Airport,,
2,2,ESU,Essaouira,MA-07,Morocco,Essaouira-Mogador Airport,,
2,2,TTA,Tan Tan,MA-10,Morocco,Tan Tan Airport,,
2,2,VPY,Chimoio,MZ-B,Mozambique,Chimoio Airport,,
2,2,INH,Inhambane,MZ-I,Mozambique,Inhambane Airport,,
2,2,VXC,Lichinga,MZ-A,Mozambique,Lichinga Airport,,
2,2,MNC,Nacala,MZ-N,Mozambique,Nacala International Airport,,
2,2,POL,Pemba,MZ-P,Mozambique,Pemba Airport,,
2,2,UEL,Quelimane,MZ-Q,Mozambique,Quelimane Airport,,
2,2,VNX,Vilanculo,MZ-I,Mozambique,Vilankulo Airport,,
2,2,TVY,Dawei,MM-05,Myanmar (Burma),Dawei Airport,,
2,2,HEH,Heho,MM-17,Myanmar (Burma),Heho Airport,,
2,2,KAW,Kawthoung,MM-05,Myanmar (Burma),Kawthoung Airport,,
2,2,KET,Kengtung,MM-17,Myanmar (Burma),Kengtung Airport,,
2,2,KYP,Kyaukpyu,MM-16,Myanmar (Burma),Kyaukpyu Airport,,
2,2,LSH,Lashio,MM-17,Myanmar (Burma),Lashio Airport,,
2,2,LIW,Loikaw,MM-12,Myanmar (Burma),Loikaw Airport,,
2,2,MGZ,Mkeik,MM-05,Myanmar (Burma),Myeik Airport,,
2,2,MOG,Mong Hsat,MM-17,Myanmar (Burma),Mong Hsat Airport,,
2,2,MYT,Myitkyina,MM-11,Myanmar (Burma),Myitkyina Airport,,
2,2,PBU,Putao,MM-11,Myanmar (Burma),Putao Airport,,
2,2,AKY,Sittwe,MM-16,Myanmar (Burma),Sittwe Airport,,
2,2,THL,Tachileik,MM-17,Myanmar (Burma),Tachileik Airport,,
2,2,SNW,Thandwe,MM-16,Myanmar (Burma),Thandwe Airport,,
2,2,LUD,Luderitz,NA-KA,Namibia,Luderitz Airport,,
2,2,MPA,Mpacha,NA-CA,Namibia,Katima Mulilo Airport,,
2,2,OND,Ondangwa,NA-ON,Namibia,Ondangwa Airport,,
2,2,OMD,Oranjemund,NA-KA,Namibia,Oranjemund Airport,,
2,2,NDU,Rundu,NA-KE,Namibia,Rundu Airport,,
2,2,ERS,Windhoek,NA-KH,Namibia,Eros Airport,,
2,2,INU,Yaren,NR-14,Nauru,Nauru International Airport,,
2,2,BIR,Biratnagar,NP-P1,Nepal,Biratnagar Airport,,
2,2,JKR,Janakpur,NP-P2,Nepal,Janakpur Airport,,
2,2,LUA,Lukla,NP-P1,Nepal,Tenzing-Hillary Airport,,
2,2,KEP,Nepalgunj,NP-P5,Nepal,Nepalgunj Airport,,
2,2,PKR,Pokhara,NP-P4,Nepal,Pokhara Domestic Airport,,
2,2,TPJ,Taplejung,NP-P1,Nepal,Taplejung Airport,,
2,2,ILP,Île des Pins,NC-03,New Caledonia,Île des Pins Airport,,
2,2,KNQ,Koné,NC-02,New Caledonia,Koné Airport,,
2,2,LIF,Lifou,NC-01,New Caledonia,Lifou Airport,,
2,2,MEE,Maré,NC-01,New Caledonia,Maré Airport,,
2,2,GEA,Nouméa,NC-03,New Caledonia,Nouméa Magenta Airport,,
2,2,UVE,Ouvéa,NC-01,New Caledonia,Ouvéa Airport,,
2,2,TGJ,Tiga,NC-01,New Caledonia,Tiga Airport,,
2,2,TOU,Touho,NC-02,New Caledonia,Touho Airport,,
2,2,HKK,,NZ-WTC,New Zealand,Hokitika Airfield,NO CITY IN DATA,
2,2,TIU,,NZ-CAN,New Zealand,Timaru Airport,NO CITY IN DATA,
2,2,KAT,Awanui,NZ-NTL,New Zealand,Kaitaia Airport,,
2,2,BHE,Blenheim,NZ-MBH,New Zealand,Woodbourne Airport,,
2,2,DUD,Dunedin,NZ-OTA,New Zealand,Dunedin International Airport,,
2,2,GIS,Gisborne,NZ-GIS,New Zealand,Gisborne Airport,,
2,2,HLZ,Hamilton,NZ-WKO,New Zealand,Hamilton International Airport,,
2,2,IVC,Invercargill,NZ-STL,New Zealand,Invercargill Airport,,
2,2,KKE,Kerikeri,NZ-NTL,New Zealand,Kerikeri Airport,,
2,2,NPE,Napier,NZ-HKB,New Zealand,Hawke's Bay Airport,,
2,2,NSN,Nelson,NZ-NSN,New Zealand,Nelson Airport,,
2,2,NPL,New Plymouth,NZ-TKI,New Zealand,New Plymouth Airport,,
2,2,PMR,Palmerston North,NZ-MWT,New Zealand,Palmerston North Airport,,
2,2,ROT,Rotorua,NZ-BOP,New Zealand,Rotorua Regional Airport,,
2,2,TUO,Taupo,NZ-WKO,New Zealand,Taupo Airport,,
2,2,TRG,Tauranga,NZ-BOP,New Zealand,Tauranga Airport,,
2,2,CHT,Te One,NZ-WGN,New Zealand,Inia William Tuuta Memorial Airport,,
2,2,WKA,Wanaka,NZ-OTA,New Zealand,Wanaka Airport,,
2,2,WAG,Wanganui,NZ-MWT,New Zealand,Wanganui Airport,,
2,2,WSZ,Westport,NZ-WTC,New Zealand,Westport Airport,,
2,2,WHK,Whakatāne,NZ-BOP,New Zealand,Whakatāne Airport,,
2,2,WRE,Whangarei,NZ-NTL,New Zealand,Whangarei Airport,,
2,2,BEF,Bluefields,NI-AS,Nicaragua,Bluefields Airport,,
2,2,PUZ,Puerto Cabezas,NI-AN,Nicaragua,Puerto Cabezas Airport,,
2,2,ZND,Zinder,NE-7,Niger,Zinder Airport,,
2,2,AKR,Akure,NG-ON,Nigeria,Akure Airport,,
2,2,BNI,Benin,NG-ED,Nigeria,Benin Airport,,
2,2,CBQ,Calabar,NG-CR,Nigeria,Margaret Ekpo International Airport,,
2,2,GMO,Gombe,NG-GO,Nigeria,Gombe Lawanti International Airport,,
2,2,IBA,Ibadan,NG-OY,Nigeria,Ibadan Airport,,
2,2,JOS,Jos,NG-PL,Nigeria,Yakubu Gowon Airport,,
2,2,DKA,Katsina,NG-KT,Nigeria,Umaru Musa Yar'adua Airport,,
2,2,MDI,Makurdi,NG-BE,Nigeria,Makurdi Airport,,
2,2,QRW,Okpe,NG-DE,Nigeria,Warri Airport,,
2,2,QOW,Owerri,NG-IM,Nigeria,Sam Mbakwe International Cargo Airport,,
2,2,PHG,Port Harcourt,NG-RI,Nigeria,Port Harcourt City Airport / Port Harcourt Air Force Base,,
2,2,QUO,Uyo,NG-AK,Nigeria,Akwa Ibom International Airport,,
2,2,YOL,Yola,NG-AD,Nigeria,Yola Airport,,
2,2,IUE,Alofi,NU-U-A,Niue,Niue International Airport,,
2,2,NLK,Burnt Pine,NF-U-A,Norfolk Island,Norfolk Island International Airport,,
2,2,RGO,Hoemun-ri,KP-09,North Korea,Orang (Chongjin) Airport,,
2,2,DSO,Sŏndŏng-ni,KP-08,North Korea,Sondok Airport,,
2,2,WOS,Wonsan,KP-07,North Korea,Wonsan Kalma Airport,,
2,2,SPN,"I Fadang, Saipan",MP-U-A,Northern Mariana Islands,Saipan International Airport,check city name,
2,2,TIQ,Tinian Island,MP-U-A,Northern Mariana Islands,Francisco Manglona Borja / Tinian International Airport,,
2,2,SSJ,Alstahaug,NO-18,Norway,"Sandnessjøen Airport, Stokka",,
2,2,ALF,Alta,NO-56,Norway,Alta Airport,,
2,2,ANX,Andenes,NO-18,Norway,"Andøya Airport, Andenes",,
2,2,MOL,Årø,NO-15,Norway,"Molde Airport, Årø",,
2,2,BJF,Båtsfjord,NO-56,Norway,Båtsfjord Airport,,
2,2,BVG,Berlevåg,NO-56,Norway,Berlevåg Airport,,
2,2,BNN,Brønnøy,NO-18,Norway,"Brønnøysund Airport, Brønnøy",,
2,2,FRO,Florø,NO-46,Norway,Florø Airport,,
2,2,SKN,Hadsel,NO-18,Norway,"Stokmarknes Airport, Skagen",,
2,2,HFT,Hammerfest,NO-56,Norway,Hammerfest Airport,,
2,2,HVG,Honningsvåg,NO-56,Norway,"Honningsvåg Airport, Valan",,
2,2,HAU,Karmøy,NO-11,Norway,"Haugesund Airport, Karmøy",,
2,2,KKN,Kirkenes,NO-56,Norway,"Kirkenes Airport, Høybuktmoen",,
2,2,KSU,Kvernberget,NO-15,Norway,"Kristiansund Airport, Kvernberget",,
2,2,LKL,Lakselv,NO-56,Norway,"Lakselv Airport, Banak",,
2,2,SRP,Leirvik,NO-46,Norway,"Stord Airport, Sørstokken",,
2,2,LKN,Leknes,NO-18,Norway,Leknes Airport,,
2,2,LYR,Longyearbyen,NO-21,Norway,"Svalbard Airport, Longyear",,
2,2,BDU,Målselv,NO-55,Norway,Bardufoss Airport,,
2,2,MEH,Mehamn,NO-56,Norway,Mehamn Airport,,
2,2,MQN,Mo i Rana,NO-18,Norway,"Mo i Rana Airport, Røssvoll",,
2,2,MJF,Mosjøen,NO-18,Norway,"Mosjøen Airport, Kjærstad",,
2,2,OLA,Ørland,NO-50,Norway,Ørland Airport,,
2,2,HOV,Ørsta,NO-15,Norway,"Ørsta-Volda Airport, Hovden",,
2,2,RRS,Røros,NO-50,Norway,Røros Airport,,
2,2,RVK,Rørvik,NO-50,Norway,"Rørvik Airport, Ryum",,
2,2,SOJ,Sørkjosen,NO-55,Norway,Sørkjosen Airport,,
2,2,SVJ,Svolvær,NO-18,Norway,"Svolvær Airport, Helle",,
2,2,VDS,Vadsø,NO-56,Norway,Vadsø Airport,,
2,2,VAW,Vardø,NO-56,Norway,"Vardø Airport, Svartnes",,
2,2,KHS,Khasab,OM-MU,Oman,Khasab Airport,,
2,2,BHV,Bahawalpur,PK-PB,Pakistan,Bahawalpur Airport,,
2,2,CJL,Chitral,PK-KP,Pakistan,Chitral Airport,,
2,2,DEA,Dera Ghazi Khan,PK-PB,Pakistan,Dera Ghazi Khan Airport,,
2,2,PZH,Fort Sandeman,PK-BA,Pakistan,Zhob Airport,,
2,2,GIL,Gilgit,PK-GB,Pakistan,Gilgit Airport,,
2,2,WNS,Nawabashah,PK-SD,Pakistan,Shaheed Benazirabad Airport,,
2,2,RYK,Rahim Yar Khan,PK-PB,Pakistan,Shaikh Zaid Airport,,
2,2,SKZ,Sukkur,PK-SD,Pakistan,Begum Nusrat Bhutto International Airport Sukkur,,
2,2,PAC,Albrook,PA-8,Panama,Marcos A. Gelabert International Airport,,
2,2,CHX,Changuinola,PA-1,Panama,Changuinola Captain Manuel Niño International Airport,,
2,2,CTD,Chitré,PA-6,Panama,Alonso Valderrama Airport,,
2,2,ONX,Colón,PA-3,Panama,Enrique Adolfo Jimenez Airport,,
2,2,DAV,David,PA-4,Panama,Enrique Malek International Airport,,
2,2,BOC,Isla Colón,PA-1,Panama,"Bocas del Toro ""Isla Colón"" International Airport",,
2,2,VMU,Baimuru,PG-GPK,Papua New Guinea,Baimuru Airport,,
2,2,OPU,Balimo,PG-WPD,Papua New Guinea,Balimo Airport,,
2,2,BUA,Buka Island,PG-NSB,Papua New Guinea,Buka Airport,,
2,2,DAU,Daru,PG-WPD,Papua New Guinea,Daru Airport,,
2,2,GKA,Goronka,PG-EHG,Papua New Guinea,Goroka Airport,,
2,2,GUR,Gurney,PG-MBA,Papua New Guinea,Gurney Airport,,
2,2,KVG,Kavieng,PG-NIK,Papua New Guinea,Kavieng Airport,,
2,2,KMA,Kerema,PG-GPK,Papua New Guinea,Kerema Airport,,
2,2,HKN,Kimbe,PG-WBK,Papua New Guinea,Hoskins Airport,,
2,2,RAB,Kokopo,PG-EBR,Papua New Guinea,Tokua Airport,,
2,2,CMU,Kundiawa,PG-CPK,Papua New Guinea,Chimbu Airport,,
2,2,MAG,Madang,PG-MPM,Papua New Guinea,Madang Airport,,
2,2,MAS,Manus Island,PG-MRL,Papua New Guinea,Momote Airport,,
2,2,MDU,Mendi,PG-SHM,Papua New Guinea,Mendi Airport,,
2,2,HGU,Mount Hagen,PG-WHM,Papua New Guinea,Mount Hagen Kagamuga Airport,,
2,2,PNP,Popondetta,PG-NPP,Papua New Guinea,Girua Airport,,
2,2,VAI,Vanimo,PG-SAN,Papua New Guinea,Vanimo Airport,,
2,2,WBM,Wapenamanda,PG-EPW,Papua New Guinea,Wapenamanda Airport,,
2,2,WWK,Wewak,PG-ESW,Papua New Guinea,Wewak International Airport,,
2,2,AYP,Ayacucho,PE-AYA,Peru,Air Force Colonel Alfredo Mendivil Duarte Airport,,
2,2,CJA,Cajamarca,PE-CAJ,Peru,Mayor General FAP Armando Revoredo Iglesias Airport,,
2,2,CHH,Chachapoyas,PE-AMA,Peru,Chachapoyas Airport,,
2,2,CHM,Chimbote,PE-ANC,Peru,FAP Lieutenant Jaime Andres de Montreuil Morales Airport,,
2,2,HUU,Huánuco,PE-HUC,Peru,Alferez Fap David Figueroa Fernandini Airport,,
2,2,ILQ,Ilo,PE-MOQ,Peru,General Jorge Fernandez Maldon Airport,,
2,2,JAE,Jaén,PE-CAJ,Peru,Shumba Airport,,
2,2,JAU,Jauja,PE-JUN,Peru,Francisco Carle Airport,,
2,2,NZC,Nazca,PE-ICA,Peru,Maria Reiche Neuman Airport,,
2,2,PIU,Piura,PE-PIU,Peru,PAF Captain Guillermo Concha Iberico International Airport,,
2,2,PEM,Puerto Maldonado,PE-MDD,Peru,Padre Aldamiz International Airport,,
2,2,TCQ,Tacna,PE-TAC,Peru,Coronel FAP Carlos Ciriani Santa Rosa International Airport,,
2,2,TYL,Talara,PE-PIU,Peru,Captain Victor Montes Arias International Airport,,
2,2,TPP,Tarapoto,PE-SAM,Peru,Cadete FAP Guillermo Del Castillo Paredes Airport,,
2,2,TBP,Tumbes,PE-TUM,Peru,Captain Pedro Canga Rodríguez International Airport,,
2,2,YMS,Yurimaguas,PE-LOR,Peru,Moises Benzaquen Rengifo Airport,,
2,2,BSO,Basco,PH-BTN,Philippines,Basco Airport,,
2,2,TWT,Bongao,PH-TAW,Philippines,Sanga Sanga Airport,,
2,2,BXU,Butuan,PH-BTC,Philippines,Bancasi Airport,,
2,2,CYP,Calbayog City,PH-WSA,Philippines,Calbayog Airport,,
2,2,CRM,Catarman,PH-NSA,Philippines,Catarman National Airport,,
2,2,MPH,Caticlan,PH-AKL,Philippines,Godofredo P. Ramos Airport,,
2,2,CYZ,Cauayan City,PH-ISA,Philippines,Cauayan Airport,,
2,2,USU,Coron,PH-PLW,Philippines,Francisco B. Reyes (Busuanga) Airport,,
2,2,CBO,Datu Odin Sinsuat,PH-MDN,Philippines,Cotabato (Awang) Airport,,
2,2,DPL,Dipolog,PH-ZAN,Philippines,Dipolog Airport,,
2,2,DGT,Dumaguete City,PH-NER,Philippines,Sibulan Airport,,
2,2,JOL,Jolo,PH-SLU,Philippines,Jolo Airport,,
2,2,CGM,Mambajao,PH-CAM,Philippines,Camiguin Airport,,
2,2,MBT,Masbate,PH-MAS,Philippines,Moises R. Espinosa Airport,,
2,2,WNP,Naga,PH-CAS,Philippines,Naga Airport,,
2,2,OZC,Ozamiz,PH-MSC,Philippines,Labo Airport,,
2,2,PAG,Pagadian,PH-ZAS,Philippines,Pagadian Airport,,
2,2,RXS,Roxas City,PH-CAP,Philippines,Roxas Airport,,
2,2,SJI,San Jose,PH-MDC,Philippines,San Jose Airport,,
2,2,SUG,Surigao City,PH-SUN,Philippines,Surigao Airport,,
2,2,TBH,Tablas Island,PH-ROM,Philippines,Tugdan Airport,,
2,2,TAC,Tacloban City,PH-LEY,Philippines,Daniel Z. Romualdez Airport,,
2,2,TUG,Tuguegarao City,PH-CAG,Philippines,Tuguegarao Airport,,
2,2,VRC,Virac,PH-CAT,Philippines,Virac Airport,,
2,2,BZG,Bydgoszcz,PL-KP,Poland,Ignacy Jan Paderewski Bydgoszcz Airport,,
2,2,IEG,Nowe Kramsko,PL-LB,Poland,Zielona Góra-Babimost Airport,,
2,2,RDO,Radom,PL-MZ,Poland,Warsaw Radom Airport,,
2,2,SZY,Szymany,PL-WN,Poland,Olsztyn-Mazury Airport,,
2,2,BGC,Bragança,PT-04,Portugal,Bragança Airport,,
2,2,CAT,Cascais,PT-11,Portugal,Cascais Airport,,
2,2,HOR,Horta,PT-20,Portugal,Horta Airport,,
2,2,PIX,Pico Island,PT-20,Portugal,Pico Airport,,
2,2,PRM,Portimão,PT-08,Portugal,Portimão Airport,,
2,2,TER,Praia da Vitória,PT-20,Portugal,Lajes Airport,,
2,2,GRW,Santa Cruz da Graciosa,PT-20,Portugal,Graciosa Airport,,
2,2,FLW,Santa Cruz das Flores,PT-20,Portugal,Flores Airport,,
2,2,SJZ,Velas,PT-20,Portugal,São Jorge Airport,,
2,2,PXO,Vila Baleira,PT-30,Portugal,Porto Santo Airport,,
2,2,SMA,Vila do Porto,PT-20,Portugal,Santa Maria Airport,,
2,2,VRL,Vila Real,PT-17,Portugal,Vila Real Airport,,
2,2,VSE,Viseu,PT-18,Portugal,Aerodromo Goncalves Lobato (Viseu Airport),,
2,2,BQN,Aguadilla,PR-U-A,Puerto Rico,Rafael Hernández International Airport,,
2,2,NRR,Ceiba,PR-U-A,Puerto Rico,José Aponte de la Torre Airport,,
2,2,CPX,Culebra,PR-U-A,Puerto Rico,Benjamin Rivera Noriega Airport,,
2,2,MAZ,Mayaguez,PR-U-A,Puerto Rico,Eugenio Maria De Hostos Airport,,
2,2,PSE,Ponce,PR-U-A,Puerto Rico,Mercedita International Airport,,
2,2,SIG,San Juan,PR-U-A,Puerto Rico,Fernando Luis Ribas Dominicci Airport,,
2,2,VQS,Vieques,PR-U-A,Puerto Rico,Antonio Rivera Rodriguez Airport,,
2,2,ARW,Arad,RO-AR,Romania,Arad International Airport,,
2,2,TGM,Recea,RO-MS,Romania,Târgu Mureş Transilvania International Airport,,
2,2,SUJ,Satu Mare,RO-SM,Romania,Satu Mare International Airport,,
2,2,BAY,Tăuții-Măgherăuș,RO-MM,Romania,Maramureș International Airport,,
2,2,EYK,,RU-KHM,Russia,Beloyarskiy Airport,NO CITY IN DATA,
2,2,AMV,Amderma,RU-NEN,Russia,Amderma Airport,,
2,2,DYR,Anadyr,RU-CHU,Russia,Ugolny Yuri Ryktheu Airport,,
2,2,PWE,Apapelgino,RU-CHU,Russia,Pevek Airport,,
2,2,ARH,Archangelsk,RU-ARK,Russia,Talagi Airport,,
2,2,BWO,Balakovo,RU-SAR,Russia,Balakovo Airport,,
2,2,EGO,Belgorod,RU-BEL,Russia,Belgorod International Airport,,
2,2,OGZ,Beslan,RU-SE,Russia,Vladikavkaz Beslan International Airport,,
2,2,BQS,Blagoveschensk,RU-AMU,Russia,Ignatyevo Airport,,
2,2,BVJ,Bovanenkovo,RU-YAN,Russia,Bovanenkovo Airport,,
2,2,BTK,Bratsk,RU-IRK,Russia,Bratsk Airport,,
2,2,BZK,Bryansk,RU-BRY,Russia,Bryansk International Airport,,
2,2,UUA,Bugulma,RU-TA,Russia,Bugulma Airport,,
2,2,CSY,Cheboksary,RU-CU,Russia,Cheboksary Airport,,
2,2,ULY,Cherdakly,RU-ULY,Russia,Ulyanovsk Vostochny Airport,,
2,2,CEE,Cherepovets,RU-VLG,Russia,Cherepovets Airport,,
2,2,CYX,Cherskiy,RU-SA,Russia,Cherskiy Airport,,
2,2,CKH,Chokurdah,RU-SA,Russia,Chokurdakh Airport,,
2,2,ESL,Elista,RU-KL,Russia,Elista Airport,,
2,2,GDZ,Gelendzhik,RU-KDA,Russia,Gelendzhik Airport,,
2,2,IAA,Igarka,RU-KYA,Russia,Igarka Airport,,
2,2,IWA,Ivanovo,RU-IVA,Russia,Ivanovo South Airport,,
2,2,IJK,Izhevsk,RU-UD,Russia,Izhevsk Airport,,
2,2,KPW,Keperveem,RU-CHU,Russia,Keperveem Airport,,
2,2,KHV,Khabarovsk,RU-KHA,Russia,Khabarovsk Novy Airport,,
2,2,HMA,Khanty-Mansiysk,RU-KHM,Russia,Khanty Mansiysk Airport,,
2,2,HTG,Khatanga,RU-KYA,Russia,Khatanga Airport,,
2,2,MQJ,Khonuu,RU-SA,Russia,Moma Airport,,
2,2,KVX,Kirov,RU-KIR,Russia,Pobedilovo Airport,,
2,2,KGP,Kogalym,RU-KHM,Russia,Kogalym International Airport,,
2,2,KXK,Komsomolsk-on-Amur,RU-KHA,Russia,Komsomolsk-on-Amur Airport,,
2,2,KMW,Kostroma,RU-KOS,Russia,Kostroma Sokerkino Airport,,
2,2,KSZ,Kotlas,RU-ARK,Russia,Kotlas Airport,,
2,2,KCY,Krasnoyarsk,RU-KYA,Russia,Krasnoyarsk Cheremshanka Airport,,
2,2,AAQ,Krasnyi Kurgan,RU-KDA,Russia,Anapa Vityazevo Airport,,
2,2,KRO,Kurgan,RU-KGN,Russia,Kurgan Airport,,
2,2,URS,Kursk,RU-KRS,Russia,Kursk East Airport,,
2,2,KYZ,Kyzyl,RU-TY,Russia,Kyzyl Airport,,
2,2,ULK,Lensk,RU-SA,Russia,Lensk Airport,,
2,2,LPK,Lipetsk,RU-LIP,Russia,Lipetsk Airport,,
2,2,GDX,Magadan,RU-MAG,Russia,Sokol Airport,,
2,2,MJZ,Mirny,RU-SA,Russia,Mirny Airport,,
2,2,NYM,Nadym,RU-YAN,Russia,Nadym Airport,,
2,2,NAL,Nalchik,RU-KB,Russia,Nalchik Airport,,
2,2,NNM,Naryan Mar,RU-NEN,Russia,Naryan Mar Airport,,
2,2,NFG,Nefteyugansk,RU-KHM,Russia,Nefteyugansk Airport,,
2,2,NER,Neryungri,RU-SA,Russia,Chulman Airport,,
2,2,NLI,Nikolayevsk-na-Amure Airport,RU-KHA,Russia,Nikolayevsk-na-Amure Airport,,
2,2,NBC,Nizhnekamsk,RU-TA,Russia,Begishevo Airport,,
2,2,NOZ,Novokuznetsk,RU-KEM,Russia,Spichenkovo Airport,,
2,2,NUX,Novy Urengoy,RU-YAN,Russia,Novy Urengoy Airport,,
2,2,NOJ,Noyabrsk,RU-YAN,Russia,Noyabrsk Airport,,
2,2,NYA,Nyagan,RU-KHM,Russia,Nyagan Airport,,
2,2,OHO,Okhotsk,RU-KHA,Russia,Okhotsk Airport,,
2,2,OLZ,Olyokminsk,RU-SA,Russia,Olyokminsk Airport,,
2,2,REN,Orenburg,RU-ORE,Russia,Orenburg Central Airport,,
2,2,OSW,Orsk,RU-ORE,Russia,Orsk Airport,,
2,2,PEX,Pechora,RU-KO,Russia,Pechora Airport,,
2,2,PEZ,Penza,RU-PNZ,Russia,Penza Airport,,
2,2,PES,Petrozavodsk,RU-KR,Russia,Petrozavodsk Airport,,
2,2,PKV,Pskov,RU-PSK,Russia,Princess Olga Pskov International Airport,,
2,2,RYB,Rybinsk,RU-YAR,Russia,Staroselye Airport,,
2,2,SBT,Sabetta,RU-YAN,Russia,Sabetta International Airport,,
2,2,SLY,Salekhard,RU-YAN,Russia,Salekhard Airport,,
2,2,SYS,Saskylakh,RU-SA,Russia,Saskylakh Airport,,
2,2,VEO,Severo-Yeniseysk,RU-KYA,Russia,Severo-Yeniseysk Airport,,
2,2,OVS,Sovetskiy,RU-KHM,Russia,Sovetskiy Airport,,
2,2,SEK,Srednekolymsk,RU-SA,Russia,Srednekolymsk Airport,,
2,2,STW,Stavropol,RU-STA,Russia,Stavropol Shpakovskoye Airport,,
2,2,IGT,Sunzha,RU-IN,Russia,Magas Airport,,
2,2,SCW,Syktyvkar,RU-KO,Russia,Syktyvkar Airport,,
2,2,TGK,Taganrog,RU-ROS,Russia,Taganrog Yuzhny Airport,,
2,2,IKS,Tiksi,RU-SA,Russia,Tiksi Airport,,
2,2,RMZ,Tobolsk,RU-TYU,Russia,Tobolsk Remezov Airport,,
2,2,UCT,Ukhta,RU-KO,Russia,Ukhta Airport,,
2,2,ULV,Ulyanovsk,RU-ULY,Russia,Ulyanovsk Baratayevka Airport,,
2,2,URJ,Uray,RU-KHM,Russia,Uray Airport,,
2,2,USK,Usinsk,RU-KO,Russia,Usinsk Airport,,
2,2,UKX,Ust-Kut,RU-IRK,Russia,Ust-Kut Airport,,
2,2,USR,Ust-Nera,RU-SA,Russia,Ust-Nera Airport,,
2,2,VAQ,Vanavara,RU-KYA,Russia,Vanavara Airport,,
2,2,VUS,Velikiy Ustyug,RU-VLG,Russia,Velikiy Ustyug Airport,,
2,2,VYI,Vilyuisk,RU-SA,Russia,Vilyuisk Airport,,
2,2,VKT,Vorkuta,RU-KO,Russia,Vorkuta Airport,,
2,2,VOZ,Voronezh,RU-VOR,Russia,Voronezh International Airport,,
2,2,PYJ,Yakutia,RU-SA,Russia,Polyarny Airport,,
2,2,EIE,Yeniseysk,RU-KYA,Russia,Yeniseysk Airport,,
2,2,ZIX,Zhigansk,RU-SA,Russia,Zhigansk Airport,,
2,2,ZKP,Zyryanka,RU-SA,Russia,Zyryanka Airport,,
2,2,KME,Kamembe,RW-04,Rwanda,Kamembe Airport,,
2,2,PCP,São Tomé & Príncipe,ST-P,São Tomé & Príncipe,Principe Airport,,
2,2,EJH,Al Wajh,SA-07,Saudi Arabia,Al Wajh Domestic Airport,,
2,2,ABT,Al-Baha,SA-11,Saudi Arabia,King Saud Bin Abdulaziz (Al Baha) Airport,,
2,2,RAE,Arar,SA-08,Saudi Arabia,Arar Domestic Airport,,
2,2,BHH,Bisha,SA-14,Saudi Arabia,Bisha Airport,,
2,2,DWD,Dawadmi,SA-01,Saudi Arabia,Dawadmi Domestic Airport,,
2,2,URY,Gurayat,SA-12,Saudi Arabia,Gurayat Domestic Airport,,
2,2,GIZ,Jizan,SA-09,Saudi Arabia,Jizan Regional Airport / King Abdullah bin Abdulaziz Airport,,
2,2,KMC,King Khaled Military City,SA-04,Saudi Arabia,King Khaled Military City Airport,,
2,2,EAM,Najran,SA-10,Saudi Arabia,Najran Domestic Airport,,
2,2,RAH,Rafha,SA-08,Saudi Arabia,Rafha Domestic Airport,,
2,2,SHW,Sharurah,SA-10,Saudi Arabia,Sharurah Domestic Airport,,
2,2,TUI,Turaif,SA-08,Saudi Arabia,Turaif Domestic Airport,,
2,2,WAE,Wadi Al Dawasir,SA-01,Saudi Arabia,Wadi Al Dawasir Domestic Airport,,
2,2,CSK,Cap Skirring,SN-ZG,Senegal,Cap Skirring Airport,,
2,2,ZIG,Ziguinchor,SN-ZG,Senegal,Ziguinchor Airport,,
2,2,KVO,Kraljevo,RS-18,Serbia,Morava Airport,,
2,2,PRI,Praslin Island,SC-14,Seychelles,Praslin Island Airport,,
2,2,XSP,Seletar,SG-02,Singapore,Seletar Airport,,
2,2,KSC,Košice,SK-KI,Slovakia,Košice International Airport,,
2,2,TAT,Poprad,SK-PV,Slovakia,Poprad-Tatry Airport,,
2,2,SLD,Sliač,SK-BC,Slovakia,Sliač Airport,,
2,2,MBX,Maribor,SI-160,Slovenia,Maribor Edvard Rusjan Airport,,
2,2,MUA,Munda,SB-WE,Solomon Islands,Munda Airport,,
2,2,BBO,Berbera,SO-WO,Somalia,Berbera Airport,,
2,2,HDS,Hoedspruit,ZA-NP,South Africa,Eastgate Airport / Air Force Base Hoedspruit,,
2,2,MBD,Mafeking,ZA-NW,South Africa,Mmabatho International Airport,,
2,2,MGH,Margate,ZA-NL,South Africa,Margate Airport,,
2,2,MZQ,Mkuze,ZA-NL,South Africa,Mkuze Airport,,
2,2,UTT,Mthatha,ZA-EC,South Africa,K. D. Matanzima Airport,,
2,2,PHW,Phalaborwa,ZA-NP,South Africa,Hendrik Van Eck Airport,,
2,2,PZB,Pietermaritzburg,ZA-NL,South Africa,Pietermaritzburg Airport,,
2,2,RCB,Richards Bay,ZA-NL,South Africa,Richards Bay Airport,,
2,2,SIS,Sishen,ZA-NC,South Africa,Sishen Airport,,
2,2,SZK,Skukuza,ZA-MP,South Africa,Skukuza Airport,,
2,2,UTN,Upington,ZA-NC,South Africa,Upington Airport,,
2,2,KUV,Gunsan,KR-45,South Korea,Gunsan Airport / Gunsan Air Base,,
2,2,KWJ,Gwangju,KR-29,South Korea,Gwangju Airport,,
2,2,KPO,Pohang,KR-47,South Korea,Pohang Airport (G-815/K-3),,
2,2,HIN,Sacheon,KR-48,South Korea,Sacheon Airport / Sacheon Air Base,,
2,2,USN,Ulsan,KR-31,South Korea,Ulsan Airport,,
2,2,WJU,Wonju,KR-42,South Korea,Wonju Airport / Hoengseong Air Base (K-38/K-46),,
2,2,RSU,Yeosu,KR-46,South Korea,Yeosu Airport,,
2,2,MAK,Malakal,SS-NU,South Sudan,Malakal International Airport,,
2,2,WUU,Wau,SS-BW,South Sudan,Wau Airport,,
2,2,VIT,Alava,ES-PV,Spain,Vitoria Airport,,
2,2,LEI,Almería,ES-AN,Spain,Almería Airport,,
2,2,BJZ,Badajoz,ES-EX,Spain,Badajoz Airport,,
2,2,CDT,Castellón de la Plana,ES-VC,Spain,Castellón-Costa Azahar Airport,,
2,2,ODB,Córdoba,ES-AN,Spain,Córdoba Airport,,
2,2,LCG,Culleredo,ES-GA,Spain,A Coruña Airport,,
2,2,VDE,El Hierro Island,ES-CN,Spain,El Hierro Airport,,
2,2,GRX,Granada,ES-AN,Spain,F.G.L. Airport Granada-Jaén Airport,,
2,2,EAS,Hondarribia,ES-PV,Spain,San Sebastián Airport,,
2,2,XRY,Jerez de la Frontera,ES-AN,Spain,Jerez Airport,,
2,2,LEU,La Seu d'Urgell Pyrenees and Andorra,ES-CT,Spain,Pirineus - la Seu d'Urgel Airport,,
2,2,LEN,La Virgen del Camino,ES-CL,Spain,León Airport,,
2,2,ILD,Lleida,ES-CT,Spain,Lleida-Alguaire Airport,,
2,2,MLN,Melilla,ES-ML,Spain,Melilla Airport,,
2,2,PNA,Pamplona,ES-NC,Spain,Pamplona Airport,,
2,2,SLM,Salamanca,ES-CL,Spain,Salamanca Airport,,
2,2,SDR,Santander,ES-CB,Spain,Seve Ballesteros-Santander Airport,,
2,2,SPC,"Sta Cruz de la Palma, La Palma Island",ES-CN,Spain,La Palma Airport,check city name,
2,2,VLL,Valladolid,ES-CL,Spain,Valladolid Airport,,
2,2,VGO,Vigo,ES-GA,Spain,Vigo Airport,,
2,2,BTC,Batticaloa,LK-5,Sri Lanka,Batticaloa International Airport,,
2,2,KCT,Galle,LK-3,Sri Lanka,Koggala Airport,,
2,2,TRR,Trincomalee,LK-5,Sri Lanka,China Bay Airport,,
2,2,SBH,Gustavia,BL-U-A,St. Barthélemy,St. Jean Airport,,
2,2,ASI,Cat Hill,SH-AC,St. Helena,RAF Ascension Island,,
2,2,HLE,Jamestown,SH-SH,St. Helena,Saint Helena International Airport,,
2,2,NEV,Charlestown,KN-U-A,St. Kitts & Nevis,Vance W. Amory International Airport,,
2,2,SLU,Castries,LC-02,St. Lucia,George F. L. Charles Airport,,
2,2,SFG,Grand Case,MF-U-A,St. Martin,Grand Case-l'Espérance Airport,,
2,2,FSP,Saint-Pierre,PM-SP,St. Pierre & Miquelon,Saint-Pierre Pointe-Blanche Airport,,
2,2,BQU,Bequia,VC-06,St. Vincent & Grenadines,J F Mitchell Airport,,
2,2,CIW,Canouan,VC-06,St. Vincent & Grenadines,Canouan Airport,,
2,2,MQS,Lovell,VC-06,St. Vincent & Grenadines,Mustique Airport,,
2,2,UNI,Union Island,VC-06,St. Vincent & Grenadines,Union Island International Airport,,
2,2,DOG,Dongola,SD-01,Sudan,Dongola Airport,,
2,2,ELF,El Fasher,SD-02,Sudan,El Fasher Airport,,
2,2,EBD,El-Obeid,SD-09,Sudan,El-Obeid Airport,,
2,2,KSL,Kassala,SD-05,Sudan,Kassala Airport,,
2,2,UYL,Nyala,SD-11,Sudan,Nyala Airport,,
2,2,AGH,Ängelholm,SE-M,Sweden,Ängelholm-Helsingborg Airport,,
2,2,AJR,Arvidsjaur,SE-BD,Sweden,Arvidsjaur Airport,,
2,2,BLE,Borlange,SE-W,Sweden,Dala Airport,,
2,2,GEV,Gällivare,SE-BD,Sweden,Gällivare Airport,,
2,2,HAD,Halmstad,SE-N,Sweden,Halmstad Airport,,
2,2,JKG,Jönköping,SE-F,Sweden,Jönköping Airport,,
2,2,KLR,Kalmar,SE-H,Sweden,Kalmar Airport,,
2,2,KSD,Karlstad,SE-S,Sweden,Karlstad Airport,,
2,2,LYC,Lycksele,SE-AC,Sweden,Lycksele Airport,,
2,2,MXX,Mora,SE-W,Sweden,Mora Airport,,
2,2,NRK,Norrköping,SE-E,Sweden,Norrköping Airport,,
2,2,KRF,Nyland,SE-Y,Sweden,Kramfors-Sollefteå Höga Kusten Airport,,
2,2,ORB,Örebro,SE-T,Sweden,Örebro Airport,,
2,2,OER,Örnsköldsvik,SE-Y,Sweden,Örnsköldsvik Airport,,
2,2,OSD,Östersund,SE-Z,Sweden,Åre Östersund Airport,,
2,2,RNB,Ronneby,SE-K,Sweden,Ronneby Airport,,
2,2,SFT,Skellefteå,SE-AC,Sweden,Skellefteå Airport,,
2,2,BMA,Stockholm,SE-AB,Sweden,Stockholm-Bromma Airport,,
2,2,SDL,Sundsvall/ Härnösand,SE-Y,Sweden,Sundsvall-Härnösand Airport,,
2,2,TYF,Torsby,SE-S,Sweden,Torsby Airport,,
2,2,THN,Trollhättan,SE-Q,Sweden,Trollhättan-Vänersborg Airport,,
2,2,VXO,Växjö,SE-G,Sweden,Växjö Kronoberg Airport,,
2,2,VHM,Vilhelmina,SE-AC,Sweden,Vilhelmina South Lapland Airport,,
2,2,LUG,Agno,CH-TI,Switzerland,Lugano Airport,,
2,2,BRN,Bern,CH-BE,Switzerland,Bern Airport,,
2,2,ACH,St. Gallen,CH-SG,Switzerland,Sankt Gallen Altenrhein Airport,,
2,2,LTK,Latakia,SY-LA,Syria,Latakia International Airport,,
2,2,KAC,Qamishli,SY-HA,Syria,Qamishli International Airport,,
2,2,MFK,Matsu (Beigan),TW-LIE,Taiwan,Matsu Beigan Airport,check city name,
2,2,LZN,Matsu (Nangan),TW-LIE,Taiwan,Matsu Nangan Airport,check city name,
2,2,KYD,Orchid Island,TW-TTT,Taiwan,Lanyu Airport,,
2,2,KNH,Shang-I,TW-X-KM,Taiwan,Kinmen Airport,,
2,2,CYI,Shuishang,TW-CYQ,Taiwan,Chiayi Airport,,
2,2,TTT,Taitung City,TW-TTT,Taiwan,Taitung Airport,,
2,2,ARK,Arusha,TZ-01,Tanzania,Arusha Airport,,
2,2,DOD,Dodoma,TZ-03,Tanzania,Dodoma Airport,,
2,2,MBI,Mbeya,TZ-14,Tanzania,Songwe Airport,,
2,2,MYW,Mtwara,TZ-17,Tanzania,Mtwara Airport,,
2,2,TGT,Tanga,TZ-25,Tanzania,Tanga Airport,,
2,2,LPT,,TH-52,Thailand,Lampang Airport,NO CITY IN DATA,
2,2,NNT,,TH-55,Thailand,Nan Airport,NO CITY IN DATA,
2,2,PHY,,TH-67,Thailand,Phetchabun Airport,NO CITY IN DATA,
2,2,MAQ,,TH-63,Thailand,Mae Sot Airport,NO CITY IN DATA,
2,2,THS,,TH-64,Thailand,Sukhothai Airport,NO CITY IN DATA,
2,2,NAW,,TH-96,Thailand,Narathiwat Airport,NO CITY IN DATA,
2,2,SNO,,TH-47,Thailand,Sakon Nakhon Airport,NO CITY IN DATA,
2,2,LOE,,TH-42,Thailand,Loei Airport,NO CITY IN DATA,
2,2,BFV,Buriram,TH-31,Thailand,Buri Ram Airport,,
2,2,CJM,Chumphon,TH-86,Thailand,Chumphon Airport,,
2,2,HHQ,Hua Hin,TH-76,Thailand,Hua Hin Airport,,
2,2,KKC,Khon Kaen,TH-40,Thailand,Khon Kaen Airport,,
2,2,TDX,Laem Ngop,TH-23,Thailand,Trat Airport,,
2,2,HGN,Mae Hong Son,TH-58,Thailand,Mae Hong Son Airport,,
2,2,KOP,Nakhon Phanom,TH-48,Thailand,Nakhon Phanom Airport,,
2,2,NST,Nakhon Si Thammarat,TH-80,Thailand,Nakhon Si Thammarat Airport,,
2,2,PHS,Phitsanulok,TH-65,Thailand,Phitsanulok Airport,,
2,2,UNN,Ranong,TH-85,Thailand,Ranong Airport,,
2,2,ROI,Roi Et,TH-45,Thailand,Roi Et Airport,,
2,2,URT,Surat Thani,TH-84,Thailand,Surat Thani Airport,,
2,2,PXR,Surin,TH-32,Thailand,Surin Airport,,
2,2,TST,Trang,TH-92,Thailand,Trang Airport,,
2,2,UBP,Ubon Ratchathani,TH-34,Thailand,Ubon Ratchathani Airport,,
2,2,BCH,Baucau,TL-BA,Timor-Leste,Baucau Airport,,
2,2,UAI,Suai,TL-CO,Timor-Leste,"Commander in Chief of FALINTIL, Kay Rala Xanana Gusmão, International Airport",,
2,2,HPA,Lifuka,TO-02,Tonga,Lifuka Island Airport,,
2,2,NBE,Enfidha,TN-51,Tunisia,Enfidha - Hammamet International Airport,,
2,2,GAE,Gabès,TN-81,Tunisia,Gabès Matmata International Airport,,
2,2,GAF,Gafsa,TN-71,Tunisia,Gafsa Ksar International Airport,,
2,2,MIR,Monastir,TN-52,Tunisia,Monastir Habib Bourguiba International Airport,,
2,2,SFA,Sfax,TN-61,Tunisia,Sfax Thyna International Airport,,
2,2,TBJ,Tabarka,TN-32,Tunisia,Tabarka-Aïn Draham International Airport,,
2,2,TOE,Tozeur,TN-72,Tunisia,Tozeur Nefta International Airport,,
2,2,ADF,Adıyaman,TR-02,Türkiye,Adıyaman Airport,,
2,2,AJI,Ağrı,TR-04,Türkiye,Ağrı Airport,,
2,2,HTY,Antakya,TR-31,Türkiye,Hatay Airport,,
2,2,BZI,Balıkesir,TR-10,Türkiye,Balıkesir Airport,,
2,2,BAL,Batman,TR-72,Türkiye,Batman Airport,,
2,2,CKZ,Çanakkale,TR-17,Türkiye,Çanakkale Airport,,
2,2,TEQ,Çorlu,TR-59,Türkiye,Tekirdağ Çorlu Airport,,
2,2,DNZ,Denizli,TR-20,Türkiye,Çardak Airport,,
2,2,DIY,Diyarbakır,TR-21,Türkiye,Diyarbakır Airport,,
2,2,EZS,Elazığ,TR-23,Türkiye,Elazığ Airport,,
2,2,ERC,Erzincan,TR-24,Türkiye,Erzincan Airport,,
2,2,ERZ,Erzurum,TR-25,Türkiye,Erzurum International Airport,,
2,2,GZP,Gazipaşa,TR-07,Türkiye,Gazipaşa-Alanya Airport,,
2,2,YKO,Hakkari,TR-30,Türkiye,Hakkari Yüksekova Airport,,
2,2,IGD,Iğdır,TR-76,Türkiye,Iğdır Airport,,
2,2,ISE,Isparta,TR-32,Türkiye,Süleyman Demirel International Airport,,
2,2,KCM,Kahramanmaraş,TR-46,Türkiye,Kahramanmaraş Airport,,
2,2,KSY,Kars,TR-36,Türkiye,Kars Airport,,
2,2,MLX,Malatya,TR-44,Türkiye,Malatya Erhaç Airport,,
2,2,MQM,Mardin,TR-47,Türkiye,Mardin Airport,,
2,2,MSR,Muş,TR-49,Türkiye,Muş Airport,,
2,2,OGU,Ordu,TR-52,Türkiye,Ordu–Giresun Airport,,
2,2,SZF,Samsun,TR-55,Türkiye,Samsun-Çarşamba Airport,,
2,2,NOP,Sinop,TR-57,Türkiye,Sinop Airport,,
2,2,NKT,Şırnak,TR-73,Türkiye,Şırnak Şerafettin Elçi Airport,,
2,2,TJK,Tokat,TR-60,Türkiye,Tokat Airport,,
2,2,TZX,Trabzon,TR-61,Türkiye,Trabzon International Airport,,
2,2,VAN,Van,TR-65,Türkiye,Van Ferit Melen Airport,,
2,2,YEI,Yenişehir,TR-16,Türkiye,Bursa Yenişehir Airport,,
2,2,ONQ,Zonguldak,TR-67,Türkiye,Zonguldak Çaycuma Airport,,
2,2,BKN,Balkanabat,TM-B,Turkmenistan,Balkanabat International Airport,,
2,2,MYP,Mary,TM-M,Turkmenistan,Mary International Airport,,
2,2,KRW,Turkmenbaşy,TM-B,Turkmenistan,Turkmenbaşy International Airport,,
2,2,GDT,Cockburn Town,TC-GT,Turks & Caicos Islands,JAGS McCartney International Airport,,
2,2,NCA,North Caicos,TC-NC,Turks & Caicos Islands,North Caicos Airport,,
2,2,XSC,South Caicos,TC-SC,Turks & Caicos Islands,South Caicos Airport,,
2,2,FUN,Funafuti,TV-FUN,Tuvalu,Funafuti International Airport,,
2,2,AWK,Wake Island,UM-79,U.S. Outlying Islands,Wake Island Airfield,,
2,2,STX,Christiansted,VI-SC,U.S. Virgin Islands,Henry E. Rohlsen Airport,,
2,2,RUA,Arua,UG-N,Uganda,Arua Airport,,
2,2,ULU,Gulu,UG-N,Uganda,Gulu Airport,,
2,2,KHX,Kihihi,UG-W,Uganda,Savannah Airstrip,,
2,2,SRT,Soroti,UG-E,Uganda,Soroti Airport,,
2,2,CWC,Chernivtsi,UA-77,Ukraine,Chernivtsi International Airport,,
2,2,DNK,Dnipro,UA-12,Ukraine,Dnipro International Airport,,
2,2,IFO,Ivano-Frankivsk,UA-26,Ukraine,Ivano-Frankivsk International Airport,,
2,2,KHE,Kherson,UA-65,Ukraine,Kherson International Airport,,
2,2,KWG,Kryvyi Rih,UA-12,Ukraine,Kryvyi Rih International Airport,,
2,2,MPW,Mariupol,UA-14,Ukraine,Mariupol International Airport,,
2,2,RWN,Rivne,UA-19,Ukraine,Rivne International Airport,,
2,2,TRE,"Balemartine, Argyll and Bute",GB-SCT,United Kingdom,Tiree Airport,check city name,
2,2,BEB,Balivanich,GB-SCT,United Kingdom,Benbecula Airport,,
2,2,BHD,Belfast,GB-NIR,United Kingdom,George Best Belfast City Airport,,
2,2,BOH,Bournemouth,GB-ENG,United Kingdom,Bournemouth Airport,,
2,2,CAL,Campbeltown,GB-SCT,United Kingdom,Campbeltown Airport,,
2,2,MME,"Darlington, Durham",GB-ENG,United Kingdom,Teesside International Airport,check city name,
2,2,LDY,"Derry, Derry and Strabane",GB-NIR,United Kingdom,City of Derry Airport,check city name,
2,2,DND,Dundee,GB-SCT,United Kingdom,Dundee Airport,,
2,2,EOI,Eday,GB-SCT,United Kingdom,Eday Airport,,
2,2,BRR,Eoligarry,GB-SCT,United Kingdom,Barra Airport,,
2,2,EXT,"Exeter, Devon",GB-ENG,United Kingdom,Exeter International Airport,check city name,
2,2,HUY,"Grimsby, Lincolnshire",GB-ENG,United Kingdom,Humberside Airport,check city name,
2,2,INV,Inverness,GB-SCT,United Kingdom,Inverness Airport,,
2,2,ILY,"Isle of Islay, Argyll and Bute",GB-SCT,United Kingdom,Islay Airport,check city name,
2,2,KOI,"Kirkwall, Orkney Islands",GB-SCT,United Kingdom,Kirkwall Airport,check city name,
2,2,LSI,"Lerwick, Shetland",GB-SCT,United Kingdom,Sumburgh Airport,check city name,
2,2,NQY,Newquay,GB-ENG,United Kingdom,Cornwall Airport Newquay,,
2,2,NWI,"Norwich, Norfolk",GB-ENG,United Kingdom,Norwich Airport,check city name,
2,2,SOU,Southampton,GB-ENG,United Kingdom,Southampton Airport,,
2,2,SEN,"Southend-on-Sea, Essex",GB-ENG,United Kingdom,London Southend Airport,check city name,
2,2,SYY,"Stornoway, Western Isles",GB-SCT,United Kingdom,Stornoway Airport,check city name,
2,2,WIC,Wick,GB-SCT,United Kingdom,Wick John O'Groats Airport,,
2,2,ABR,Aberdeen,US-SD,United States,Aberdeen Regional Airport,,
2,2,ABI,Abilene,US-TX,United States,Abilene Regional Airport,,
2,2,ADK,Adak,US-AK,United States,Adak Airport,,
2,2,CAK,Akron,US-OH,United States,Akron Canton Regional Airport,,
2,2,ALS,Alamosa,US-CO,United States,San Luis Valley Regional Airport/Bergman Field,,
2,2,ABY,Albany,US-GA,United States,Southwest Georgia Regional Airport,,
2,2,WKK,Aleknagik,US-AK,United States,Aleknagik / New Airport,,
2,2,AEX,Alexandria,US-LA,United States,Alexandria International Airport,,
2,2,ABE,Allentown/Bethlehem,US-PA,United States,Lehigh Valley International Airport,,
2,2,AIA,Alliance,US-NE,United States,Alliance Municipal Airport,,
2,2,APN,Alpena,US-MI,United States,Alpena County Regional Airport,,
2,2,AOO,Altoona,US-PA,United States,Altoona Blair County Airport,,
2,2,AMA,Amarillo,US-TX,United States,Rick Husband Amarillo International Airport,,
2,2,ABL,Ambler,US-AK,United States,Ambler Airport,,
2,2,AKP,Anaktuvuk Pass,US-AK,United States,Anaktuvuk Pass Airport,,
2,2,MRI,Anchorage,US-AK,United States,Merrill Field,,
2,2,ANI,Aniak,US-AK,United States,Aniak Airport,,
2,2,ANV,Anvik,US-AK,United States,Anvik Airport,,
2,2,ATW,Appleton,US-WI,United States,Appleton International Airport,,
2,2,ACV,Arcata/Eureka,US-CA,United States,California Redwood Coast-Humboldt County Airport,,
2,2,ARC,Arctic Village,US-AK,United States,Arctic Village Airport,,
2,2,AVL,Asheville,US-NC,United States,Asheville Regional Airport,,
2,2,ASE,Aspen,US-CO,United States,Aspen-Pitkin County Airport (Sardy Field),,
2,2,PDK,Atlanta,US-GA,United States,DeKalb Peachtree Airport,,
2,2,ACY,Atlantic City,US-NJ,United States,Atlantic City International Airport,,
2,2,ATK,Atqasuk,US-AK,United States,Atqasuk Edward Burnell Sr Memorial Airport,,
2,2,AGS,Augusta,US-GA,United States,Augusta Regional At Bush Field,,
2,2,AUG,Augusta,US-ME,United States,Augusta State Airport,,
2,2,BFL,Bakersfield,US-CA,United States,Meadows Field,,
2,2,BGR,Bangor,US-ME,United States,Bangor International Airport,,
2,2,BHB,Bar Harbor,US-ME,United States,Hancock County-Bar Harbor Airport,,
2,2,BTI,Barter Island,US-AK,United States,Barter Island Long Range Radar Station Airport,,
2,2,BTR,Baton Rouge,US-LA,United States,Baton Rouge Metropolitan Airport,,
2,2,BPT,Beaumont/Port Arthur,US-TX,United States,Jack Brooks Regional Airport,,
2,2,BKW,Beaver,US-WV,United States,Raleigh County Memorial Airport,,
2,2,BED,Bedford,US-MA,United States,Laurence G Hanscom Field,,
2,2,BLV,Belleville,US-IL,United States,Scott AFB/Midamerica Airport,,
2,2,BLI,Bellingham,US-WA,United States,Bellingham International Airport,,
2,2,BET,Bethel,US-AK,United States,Bethel Airport,,
2,2,BIL,Billings,US-MT,United States,Billings Logan International Airport,,
2,2,BGM,Binghamton,US-NY,United States,Greater Binghamton/Edwin A Link field,,
2,2,BIH,Bishop,US-CA,United States,Eastern Sierra Regional Airport,,
2,2,BIS,Bismarck,US-ND,United States,Bismarck Municipal Airport,,
2,2,BMI,Bloomington/Normal,US-IL,United States,Central Illinois Regional Airport at Bloomington-Normal,,
2,2,TRI,Blountville,US-TN,United States,Tri-Cities Regional TN/VA Airport,,
2,2,BLD,Boulder City,US-NV,United States,Boulder City Municipal Airport,,
2,2,BZN,Bozeman,US-MT,United States,Bozeman Yellowstone International Airport,,
2,2,BFD,Bradford,US-PA,United States,Bradford Regional Airport,,
2,2,BRD,Brainerd,US-MN,United States,Brainerd Lakes Regional Airport,,
2,2,BKG,Branson,US-MO,United States,Branson Airport,,
2,2,CKB,Bridgeport,US-WV,United States,North Central West Virginia Airport,,
2,2,BRO,Brownsville,US-TX,United States,Brownsville South Padre Island International Airport,,
2,2,BQK,Brunswick,US-GA,United States,Brunswick Golden Isles Airport,,
2,2,BRL,Burlington,US-IA,United States,Southeast Iowa Regional Airport,,
2,2,BTV,Burlington,US-VT,United States,Patrick Leahy Burlington International Airport,,
2,2,BTM,Butte,US-MT,United States,Bert Mooney Airport,,
2,2,CGI,Cape Girardeau,US-MO,United States,Cape Girardeau Regional Airport,,
2,2,LUR,Cape Lisburne,US-AK,United States,Cape Lisburne LRRS Airport,,
2,2,CNM,Carlsbad,US-NM,United States,Cavern City Air Terminal,,
2,2,CLD,Carlsbad,US-CA,United States,McClellan-Palomar Airport,,
2,2,CPR,Casper,US-WY,United States,Casper-Natrona County International Airport,,
2,2,CDC,Cedar City,US-UT,United States,Cedar City Regional Airport,,
2,2,CID,Cedar Rapids,US-IA,United States,The Eastern Iowa Airport,,
2,2,CDR,Chadron,US-NE,United States,Chadron Municipal Airport,,
2,2,CRW,Charleston,US-WV,United States,Yeager Airport,,
2,2,CHO,Charlottesville,US-VA,United States,Charlottesville Albemarle Airport,,
2,2,CHA,Chattanooga,US-TN,United States,Chattanooga Metropolitan Airport (Lovell Field),,
2,2,CYS,Cheyenne,US-WY,United States,Cheyenne Regional Jerry Olson Field,,
2,2,RFD,Chicago/Rockford,US-IL,United States,Chicago Rockford International Airport,,
2,2,LUK,Cincinnati,US-OH,United States,Cincinnati Municipal Airport Lunken Field,,
2,2,CVN,Clovis,US-NM,United States,Clovis Municipal Airport,,
2,2,COD,Cody,US-WY,United States,Yellowstone Regional Airport,,
2,2,CDB,Cold Bay,US-AK,United States,Cold Bay Airport,,
2,2,CLL,College Station,US-TX,United States,Easterwood Field,,
2,2,CAE,Columbia,US-SC,United States,Columbia Metropolitan Airport,,
2,2,COU,Columbia,US-MO,United States,Columbia Regional Airport,,
2,2,CSG,Columbus,US-GA,United States,Columbus Airport,,
2,2,LCK,Columbus,US-OH,United States,Rickenbacker International Airport,,
2,2,GTR,Columbus/W Point/Starkville,US-MS,United States,Golden Triangle Regional Airport,,
2,2,CCR,Concord,US-CA,United States,Buchanan Field,,
2,2,USA,Concord,US-NC,United States,Concord-Padgett Regional Airport,,
2,2,CDV,Cordova,US-AK,United States,Merle K (Mudhole) Smith Airport,,
2,2,CRP,Corpus Christi,US-TX,United States,Corpus Christi International Airport,,
2,2,CEZ,Cortez,US-CO,United States,Cortez Municipal Airport,,
2,2,CEC,Crescent City,US-CA,United States,Jack Mc Namara Field Airport,,
2,2,DAY,Dayton,US-OH,United States,James M. Cox Dayton International Airport,,
2,2,DAB,Daytona Beach,US-FL,United States,Daytona Beach International Airport,,
2,2,SCC,Deadhorse,US-AK,United States,Deadhorse Airport,,
2,2,DEC,Decatur,US-IL,United States,Decatur Airport,,
2,2,DRG,Deering,US-AK,United States,Deering Airport,,
2,2,BJC,Denver,US-CO,United States,Rocky Mountain Metropolitan Airport,,
2,2,DSI,Destin,US-FL,United States,Destin Executive Airport,,
2,2,DVL,Devils Lake,US-ND,United States,Devils Lake Regional Airport,,
2,2,DIK,Dickinson,US-ND,United States,Dickinson Theodore Roosevelt Regional Airport,,
2,2,DLG,Dillingham,US-AK,United States,Dillingham Airport,,
2,2,DDC,Dodge City,US-KS,United States,Dodge City Regional Airport,,
2,2,DHN,Dothan,US-AL,United States,Dothan Regional Airport,,
2,2,DOV,Dover,US-DE,United States,Dover Civil Air Terminal/Dover Air Force Base,,
2,2,DUJ,Dubois,US-PA,United States,DuBois Regional Airport,,
2,2,DBQ,Dubuque,US-IA,United States,Dubuque Regional Airport,,
2,2,DLH,Duluth,US-MN,United States,Duluth International Airport,,
2,2,DRO,Durango,US-CO,United States,Durango La Plata County Airport,,
2,2,EGE,Eagle,US-CO,United States,Eagle County Regional Airport,,
2,2,ESD,Eastsound,US-WA,United States,Orcas Island Airport,,
2,2,EAU,Eau Claire,US-WI,United States,Chippewa Valley Regional Airport,,
2,2,EGX,Egegik,US-AK,United States,Egegik Airport,,
2,2,ELD,El Dorado,US-AR,United States,South Arkansas Regional Airport at Goodwin Field,,
2,2,EKO,Elko,US-NV,United States,Elko Regional Airport,,
2,2,ELM,Elmira/Corning,US-NY,United States,Elmira Corning Regional Airport,,
2,2,EMK,Emmonak,US-AK,United States,Emmonak Airport,,
2,2,ERI,Erie,US-PA,United States,Erie International Tom Ridge Field,,
2,2,ESC,Escanaba,US-MI,United States,Delta County Airport,,
2,2,EUG,Eugene,US-OR,United States,Eugene Airport,,
2,2,EVV,Evansville,US-IN,United States,Evansville Regional Airport,,
2,2,PAE,Everett,US-WA,United States,Seattle Paine Field International Airport,,
2,2,TTN,Ewing Township,US-NJ,United States,Trenton Mercer Airport,,
2,2,FAI,Fairbanks,US-AK,United States,Fairbanks International Airport,,
2,2,FAR,Fargo,US-ND,United States,Hector International Airport,,
2,2,FAY,Fayetteville,US-NC,United States,Fayetteville Regional Airport - Grannis Field,,
2,2,XNA,Fayetteville/Springdale/Rogers,US-AR,United States,Northwest Arkansas National Airport,,
2,2,FLG,Flagstaff,US-AZ,United States,Flagstaff Pulliam Airport,,
2,2,FNT,Flint,US-MI,United States,Bishop International Airport,,
2,2,FLO,Florence,US-SC,United States,Florence Regional Airport,,
2,2,GRK,Fort Cavazos,US-TX,United States,Killeen Regional Airport / Robert Gray Army Airfield,,
2,2,FOD,Fort Dodge,US-IA,United States,Fort Dodge Regional Airport,,
2,2,TBN,Fort Leonard Wood,US-MO,United States,Waynesville-St. Robert Regional Airport-Forney Field,,
2,2,FSM,Fort Smith,US-AR,United States,Fort Smith Regional Airport,,
2,2,FWA,Fort Wayne,US-IN,United States,Fort Wayne International Airport,,
2,2,FTW,Fort Worth,US-TX,United States,Fort Worth Meacham International Airport,,
2,2,FYU,Fort Yukon,US-AK,United States,Fort Yukon Airport,,
2,2,MBS,Freeland,US-MI,United States,MBS International Airport,,
2,2,FRD,Friday Harbor,US-WA,United States,Friday Harbor Airport,,
2,2,GNV,Gainesville,US-FL,United States,Gainesville Regional Airport,,
2,2,GAL,Galena,US-AK,United States,Edward G. Pitka Sr Airport,,
2,2,GUP,Gallup,US-NM,United States,Gallup Municipal Airport,,
2,2,GAM,Gambell,US-AK,United States,Gambell Airport,,
2,2,GCK,Garden City,US-KS,United States,Garden City Regional Airport,,
2,2,GYY,Gary,US-IN,United States,Gary/Chicago International Airport,,
2,2,GCC,Gillette,US-WY,United States,Northeast Wyoming Regional Airport,,
2,2,GGW,Glasgow,US-MT,United States,Glasgow Valley County Airport Wokal Field,,
2,2,GDV,Glendive,US-MT,United States,Dawson Community Airport,,
2,2,GCN,Grand Canyon - Tusayan,US-AZ,United States,Grand Canyon National Park Airport,,
2,2,GFK,Grand Forks,US-ND,United States,Grand Forks International Airport,,
2,2,GRI,Grand Island,US-NE,United States,Central Nebraska Regional Airport,,
2,2,GJT,Grand Junction,US-CO,United States,Grand Junction Regional Airport,,
2,2,GTF,Great Falls,US-MT,United States,Great Falls International Airport,,
2,2,GRB,Green Bay,US-WI,United States,Austin Straubel International Airport,,
2,2,GLH,Greenville,US-MS,United States,Mid Delta Regional Airport,,
2,2,PGV,Greenville,US-NC,United States,Pitt-Greenville Airport,,
2,2,GSP,Greenville/Greer/Spartanburg,US-SC,United States,Greenville-Spartanburg International Airport,,
2,2,GPT,Gulfport,US-MS,United States,Gulfport Biloxi International Airport,,
2,2,GKN,Gulkana,US-AK,United States,Gulkana Airport,,
2,2,GUC,Gunnison,US-CO,United States,Gunnison Crested Butte Regional Airport,,
2,2,GST,Gustavus,US-AK,United States,Gustavus Airport,,
2,2,MQT,Gwinn,US-MI,United States,Marquette/Sawyer International Airport,,
2,2,HGR,Hagerstown,US-MD,United States,Hagerstown Regional Richard A Henson Field,,
2,2,SUN,Hailey,US-ID,United States,Friedman Memorial Airport,,
2,2,HNS,Haines,US-AK,United States,Haines Airport,,
2,2,HNM,Hana,US-HI,United States,Hana Airport,,
2,2,CMX,Hancock,US-MI,United States,Houghton County Memorial Airport,,
2,2,HRL,Harlingen,US-TX,United States,Valley International Airport,,
2,2,MDT,Harrisburg,US-PA,United States,Harrisburg International Airport,,
2,2,HRO,Harrison,US-AR,United States,Boone County Airport,,
2,2,HVR,Havre,US-MT,United States,Havre City County Airport,,
2,2,HHR,Hawthorne,US-CA,United States,Jack Northrop Field Hawthorne Municipal Airport,,
2,2,HDN,Hayden,US-CO,United States,Yampa Valley Airport,,
2,2,HYS,Hays,US-KS,United States,Hays Regional Airport,,
2,2,HLN,Helena,US-MT,United States,Helena Regional Airport,,
2,2,HIB,Hibbing,US-MN,United States,Range Regional Airport,,
2,2,ITO,Hilo,US-HI,United States,Hilo International Airport,,
2,2,HHH,Hilton Head Island,US-SC,United States,Hilton Head Airport,,
2,2,HOB,Hobbs,US-NM,United States,Lea County Regional Airport,,
2,2,HCR,Holy Cross,US-AK,United States,Holy Cross Airport,,
2,2,HOM,Homer,US-AK,United States,Homer Airport,,
2,2,HOT,Hot Springs,US-AR,United States,Memorial Field Airport,,
2,2,HTS,Huntington,US-WV,United States,Tri-State Airport / Milton J. Ferguson Field,,
2,2,HSV,Huntsville,US-AL,United States,Huntsville International Airport,,
2,2,HSL,Huslia,US-AK,United States,Huslia Airport,,
2,2,HYA,Hyannis,US-MA,United States,Cape Cod Gateway Airport,,
2,2,IDA,Idaho Falls,US-ID,United States,Idaho Falls Regional Airport,,
2,2,ILI,Iliamna,US-AK,United States,Iliamna Airport,,
2,2,IPL,Imperial,US-CA,United States,Imperial County Airport,,
2,2,INL,International Falls,US-MN,United States,Falls International Airport,,
2,2,ISP,Islip,US-NY,United States,Long Island MacArthur Airport,,
2,2,ITH,Ithaca,US-NY,United States,Ithaca Tompkins Regional Airport,,
2,2,JAC,Jackson,US-WY,United States,Jackson Hole Airport,,
2,2,JAN,Jackson,US-MS,United States,Jackson-Medgar Wiley Evers International Airport,,
2,2,MKL,Jackson,US-TN,United States,McKellar-Sipes Regional Airport,,
2,2,JMS,Jamestown,US-ND,United States,Jamestown Regional Airport,,
2,2,JST,Johnstown,US-PA,United States,John Murtha Johnstown Cambria County Airport,,
2,2,JBR,Jonesboro,US-AR,United States,Jonesboro Municipal Airport,,
2,2,JLN,Joplin,US-MO,United States,Joplin Regional Airport,,
2,2,JNU,Juneau,US-AK,United States,Juneau International Airport,,
2,2,AZO,Kalamazoo,US-MI,United States,Kalamazoo/Battle Creek International Airport,,
2,2,FCA,Kalispell,US-MT,United States,Glacier Park International Airport,,
2,2,MKK,Kaunakakai,US-HI,United States,Molokai Airport,,
2,2,EAR,Kearney,US-NE,United States,Kearney Regional Airport,,
2,2,ENA,Kenai,US-AK,United States,Kenai Municipal Airport,,
2,2,KTN,Ketchikan,US-AK,United States,Ketchikan International Airport,,
2,2,EYW,Key West,US-FL,United States,Key West International Airport,,
2,2,IAN,Kiana,US-AK,United States,Bob Baker Memorial Airport,,
2,2,CIU,Kincheloe,US-MI,United States,Chippewa County International Airport,,
2,2,AKN,King Salmon,US-AK,United States,King Salmon Airport,,
2,2,IMT,Kingsford,US-MI,United States,Ford Airport,,
2,2,IRK,Kirksville,US-MO,United States,Kirksville Regional Airport,,
2,2,KLW,Klawock,US-AK,United States,Klawock Airport,,
2,2,ADQ,Kodiak,US-AK,United States,Kodiak Airport,,
2,2,OTZ,Kotzebue,US-AK,United States,Ralph Wien Memorial Airport,,
2,2,LSE,La Crosse,US-WI,United States,La Crosse Regional Airport,,
2,2,LFT,Lafayette,US-LA,United States,Lafayette Regional Airport,,
2,2,JHM,Lahaina,US-HI,United States,Kapalua Airport,,
2,2,LCH,Lake Charles,US-LA,United States,Lake Charles Regional Airport,,
2,2,HII,Lake Havasu City,US-AZ,United States,Lake Havasu City Airport,,
2,2,LAL,Lakeland,US-FL,United States,Lakeland Linder International Airport,,
2,2,LNY,Lanai City,US-HI,United States,Lanai Airport,,
2,2,LNS,Lancaster,US-PA,United States,Lancaster Airport,,
2,2,LAN,Lansing,US-MI,United States,Capital Region International Airport,,
2,2,LAR,Laramie,US-WY,United States,Laramie Regional Airport,,
2,2,LRD,Laredo,US-TX,United States,Laredo International Airport,,
2,2,LRU,Las Cruces,US-NM,United States,Las Cruces International Airport,,
2,2,LBE,Latrobe,US-PA,United States,Arnold Palmer Regional Airport,,
2,2,LAW,Lawton,US-OK,United States,Lawton Fort Sill Regional Airport,,
2,2,LEB,Lebanon,US-NH,United States,Lebanon Municipal Airport,,
2,2,LWB,Lewisburg,US-WV,United States,Greenbrier Valley Airport,,
2,2,LWS,Lewiston,US-ID,United States,Lewiston Nez Perce County Airport,,
2,2,LEX,Lexington,US-KY,United States,Blue Grass Airport,,
2,2,LBL,Liberal,US-KS,United States,Liberal Mid-America Regional Airport,,
2,2,LNK,Lincoln,US-NE,United States,Lincoln Airport,,
2,2,LIT,Little Rock,US-AR,United States,Bill & Hillary Clinton National Airport/Adams Field,,
2,2,GGG,Longview,US-TX,United States,East Texas Regional Airport,,
2,2,LBB,Lubbock,US-TX,United States,Lubbock Preston Smith International Airport,,
2,2,LYH,Lynchburg,US-VA,United States,Lynchburg Regional Airport - Preston Glenn Field,,
2,2,MCN,Macon,US-GA,United States,Middle Georgia Regional Airport,,
2,2,MSN,Madison,US-WI,United States,Dane County Regional Truax Field,,
2,2,MMH,Mammoth Lakes,US-CA,United States,Mammoth Yosemite Airport,,
2,2,MHT,Manchester,US-NH,United States,Manchester-Boston Regional Airport,,
2,2,MHK,Manhattan,US-KS,United States,Manhattan Regional Airport,,
2,2,MWA,Marion,US-IL,United States,Veterans Airport of Southern Illinois,,
2,2,MCW,Mason City,US-IA,United States,Mason City Municipal Airport,,
2,2,MSS,Massena,US-NY,United States,Massena International Airport Richards Field,,
2,2,MFE,McAllen,US-TX,United States,McAllen Miller International Airport,,
2,2,MYL,McCall,US-ID,United States,McCall Municipal Airport,,
2,2,MCK,McCook,US-NE,United States,McCook Ben Nelson Regional Airport,,
2,2,MCG,McGrath,US-AK,United States,McGrath Airport,,
2,2,MFR,Medford,US-OR,United States,Rogue Valley International-Medford Airport,,
2,2,MYU,Mekoryuk,US-AK,United States,Mekoryuk Airport,,
2,2,MLB,Melbourne,US-FL,United States,Melbourne Orlando International Airport,,
2,2,MCE,Merced,US-CA,United States,Merced Regional Macready Field,,
2,2,MEI,Meridian,US-MS,United States,Key Field / Meridian Regional Airport,,
2,2,AZA,Mesa,US-AZ,United States,Mesa Gateway Airport,,
2,2,OPF,Miami,US-FL,United States,Miami-Opa Locka Executive Airport,,
2,2,MGC,Michigan City,US-IN,United States,Michigan City Municipal Airport,,
2,2,MAF,Midland,US-TX,United States,Midland International Air and Space Port,,
2,2,MWL,Mineral Wells,US-TX,United States,Mineral Wells Regional Airport,,
2,2,MOT,Minot,US-ND,United States,Minot International Airport,,
2,2,MSO,Missoula,US-MT,United States,Missoula Montana Airport,,
2,2,CNY,Moab,US-UT,United States,Canyonlands Regional Airport,,
2,2,MOB,Mobile,US-AL,United States,Mobile Regional Airport,,
2,2,MLI,Moline,US-IL,United States,Quad City International Airport,,
2,2,MLU,Monroe,US-LA,United States,Monroe Regional Airport,,
2,2,MRY,Monterey,US-CA,United States,Monterey Regional Airport,,
2,2,MGM,Montgomery,US-AL,United States,Montgomery Regional (Dannelly Field) Airport,,
2,2,MTJ,Montrose,US-CO,United States,Montrose Regional Airport,,
2,2,MGW,Morgantown,US-WV,United States,Morgantown Municipal Airport Walter L. (Bill) Hart Field,,
2,2,PIB,Moselle,US-MS,United States,Hattiesburg Laurel Regional Airport,,
2,2,CWA,Mosinee,US-WI,United States,Central Wisconsin Airport,,
2,2,MSL,Muscle Shoals,US-AL,United States,Northwest Alabama Regional Airport,,
2,2,MKG,Muskegon,US-MI,United States,Muskegon County Airport,,
2,2,ACK,Nantucket,US-MA,United States,Nantucket Memorial Airport,,
2,2,EWB,New Bedford,US-MA,United States,New Bedford Regional Airport,,
2,2,EWN,New Bern,US-NC,United States,Coastal Carolina Regional Airport,,
2,2,HVN,New Haven,US-CT,United States,Tweed New Haven Airport,,
2,2,SWF,Newburgh,US-NY,United States,New York Stewart International Airport,,
2,2,NPT,Newport,US-RI,United States,Newport State Airport,,
2,2,PHF,Newport News,US-VA,United States,Newport News Williamsburg International Airport,,
2,2,IAG,Niagara Falls,US-NY,United States,Niagara Falls International Airport,,
2,2,OME,Nome,US-AK,United States,Nome Airport,,
2,2,OTH,North Bend,US-OR,United States,Southwest Oregon Regional Airport,,
2,2,LBF,North Platte,US-NE,United States,North Platte Regional Airport Lee Bird Field,,
2,2,ORT,Northway,US-AK,United States,Northway Airport,,
2,2,NUI,Nuiqsut,US-AK,United States,Nuiqsut Airport,,
2,2,OCE,Ocean City,US-MD,United States,Ocean City Municipal Airport,,
2,2,OGD,Ogden,US-UT,United States,Ogden Hinckley Airport,,
2,2,OGS,Ogdensburg,US-NY,United States,Ogdensburg International Airport,,
2,2,OLM,Olympia,US-WA,United States,Olympia Regional Airport,,
2,2,OWB,Owensboro,US-KY,United States,Owensboro Daviess County Airport,,
2,2,PAH,Paducah,US-KY,United States,Barkley Regional Airport,,
2,2,PGA,Page,US-AZ,United States,Page Municipal Airport,,
2,2,ECP,Panama City Beach,US-FL,United States,Northwest Florida Beaches International Airport,,
2,2,PKB,Parkersburg (Williamstown),US-WV,United States,Mid Ohio Valley Regional Airport,check city name,
2,2,PSC,Pasco,US-WA,United States,Tri Cities Airport,,
2,2,PLN,Pellston,US-MI,United States,Pellston Regional Airport of Emmet County Airport,,
2,2,PDT,Pendleton,US-OR,United States,Eastern Oregon Regional Airport at Pendleton,,
2,2,PIA,Peoria,US-IL,United States,General Wayne A. Downing Peoria International Airport,,
2,2,PSG,Petersburg,US-AK,United States,Petersburg James A Johnson Airport,,
2,2,PIR,Pierre,US-SD,United States,Pierre Regional Airport,,
2,2,PTU,Platinum,US-AK,United States,Platinum Airport,,
2,2,PBG,Plattsburgh,US-NY,United States,Plattsburgh International Airport,,
2,2,PIH,Pocatello,US-ID,United States,Pocatello Regional Airport,,
2,2,PIZ,Point Lay,US-AK,United States,Point Lay LRRS Airport,,
2,2,PTH,Port Heiden,US-AK,United States,Port Heiden Airport,,
2,2,PSM,Portsmouth,US-NH,United States,Portsmouth International Airport at Pease,,
2,2,PRC,Prescott,US-AZ,United States,Prescott Regional Airport - Ernest A. Love Field,,
2,2,PQI,Presque Isle,US-ME,United States,Presque Isle International Airport,,
2,2,PVU,Provo,US-UT,United States,Provo Municipal Airport,,
2,2,PUB,Pueblo,US-CO,United States,Pueblo Memorial Airport,,
2,2,PUW,Pullman,US-WA,United States,Pullman-Moscow Regional Airport,,
2,2,PGD,Punta Gorda,US-FL,United States,Punta Gorda Airport,,
2,2,UIN,Quincy,US-IL,United States,Quincy Regional Airport Baldwin Field,,
2,2,RAP,Rapid City,US-SD,United States,Rapid City Regional Airport,,
2,2,RDD,Redding,US-CA,United States,Redding Municipal Airport,,
2,2,RDM,Redmond,US-OR,United States,Roberts Field,,
2,2,RHI,Rhinelander,US-WI,United States,Rhinelander Oneida County Airport,,
2,2,OAJ,Richlands,US-NC,United States,Albert J Ellis Airport,,
2,2,RIW,Riverton,US-WY,United States,Central Wyoming Regional Airport,,
2,2,ROA,Roanoke,US-VA,United States,Roanoke–Blacksburg Regional Airport,,
2,2,RST,Rochester,US-MN,United States,Rochester International Airport,,
2,2,RKS,Rock Springs,US-WY,United States,Southwest Wyoming Regional Airport,,
2,2,RKD,Rockland,US-ME,United States,Knox County Regional Airport,,
2,2,ROW,Roswell,US-NM,United States,Roswell Air Center Airport,,
2,2,RBY,Ruby,US-AK,United States,Ruby Airport,,
2,2,RUT,Rutland,US-VT,United States,Rutland - Southern Vermont Regional Airport,,
2,2,STC,Saint Cloud,US-MN,United States,Saint Cloud Regional Airport,,
2,2,SLE,Salem,US-OR,United States,Salem-Willamette Valley Airport/McNary Field,,
2,2,SLN,Salina,US-KS,United States,Salina Municipal Airport,,
2,2,SBY,Salisbury,US-MD,United States,Salisbury Ocean City Wicomico Regional Airport,,
2,2,SMN,Salmon,US-ID,United States,Lemhi County Airport,,
2,2,SJT,San Angelo,US-TX,United States,San Angelo Regional Mathis Field,,
2,2,SQL,San Carlos,US-CA,United States,San Carlos Airport,,
2,2,SBP,San Luis Obispo,US-CA,United States,San Luis County Regional Airport,,
2,2,SDP,Sand Point,US-AK,United States,Sand Point Airport,,
2,2,SBA,Santa Barbara,US-CA,United States,Santa Barbara Municipal Airport,,
2,2,SAF,Santa Fe,US-NM,United States,Santa Fe Municipal Airport,,
2,2,SMX,Santa Maria,US-CA,United States,Santa Maria Public Airport Captain G Allan Hancock Field,,
2,2,STS,Santa Rosa,US-CA,United States,Charles M. Schulz Sonoma County Airport,,
2,2,SLK,Saranac Lake,US-NY,United States,Adirondack Regional Airport,,
2,2,SVA,Savoonga,US-AK,United States,Savoonga Airport,,
2,2,CMI,Savoy,US-IL,United States,University of Illinois Willard Airport,,
2,2,BFF,Scottsbluff,US-NE,United States,Western Neb. Rgnl/William B. Heilig Airport,,
2,2,BFI,Seattle,US-WA,United States,King County International Airport - Boeing Field,,
2,2,SHR,Sheridan,US-WY,United States,Sheridan County Airport,,
2,2,SOW,Show Low,US-AZ,United States,Show Low Regional Airport,,
2,2,SHV,Shreveport,US-LA,United States,Shreveport Regional Airport,,
2,2,SDY,Sidney,US-MT,United States,Sidney - Richland Regional Airport,,
2,2,SVC,Silver City,US-NM,United States,Grant County Airport,,
2,2,SUX,Sioux City,US-IA,United States,Sioux Gateway Airport / Brigadier General Bud Day Field,,
2,2,FSD,Sioux Falls,US-SD,United States,Sioux Falls Regional Airport,,
2,2,SIT,Sitka,US-AK,United States,Sitka Rocky Gutierrez Airport,,
2,2,SBN,South Bend,US-IN,United States,South Bend International Airport,,
2,2,SGF,Springfield,US-MO,United States,Springfield Branson National Airport,,
2,2,SPI,Springfield,US-IL,United States,Abraham Lincoln Capital Airport,,
2,2,UST,St Augustine,US-FL,United States,Northeast Florida Regional Airport,,
2,2,SGU,St George,US-UT,United States,St George Regional Airport,,
2,2,STG,St George,US-AK,United States,St George Airport,,
2,2,SNP,St Paul Island,US-AK,United States,St Paul Island Airport,,
2,2,SCE,State College,US-PA,United States,State College Regional Airport,,
2,2,SWO,Stillwater,US-OK,United States,Stillwater Regional Airport,,
2,2,SCK,Stockton,US-CA,United States,Stockton Metropolitan Airport,,
2,2,TIW,Tacoma,US-WA,United States,Tacoma Narrows Airport,,
2,2,TLH,Tallahassee,US-FL,United States,Tallahassee International Airport,,
2,2,TSM,Taos,US-NM,United States,Taos Regional Airport,,
2,2,TEX,Telluride,US-CO,United States,Telluride Regional Airport,,
2,2,TEB,Teterboro,US-NJ,United States,Teterboro Airport,,
2,2,TXK,Texarkana,US-AR,United States,Texarkana Regional Airport (Webb Field),,
2,2,TVF,Thief River Falls,US-MN,United States,Thief River Falls Regional Airport,,
2,2,TOL,Toledo,US-OH,United States,Eugene F. Kranz Toledo Express Airport,,
2,2,TVC,Traverse City,US-MI,United States,Cherry Capital Airport,,
2,2,TKF,Truckee,US-CA,United States,Truckee Tahoe Airport,,
2,2,TUP,Tupelo,US-MS,United States,Tupelo Regional Airport,,
2,2,TWF,Twin Falls,US-ID,United States,Joslin Field Magic Valley Regional Airport,,
2,2,TYR,Tyler,US-TX,United States,Tyler Pounds Regional Airport,,
2,2,UNK,Unalakleet,US-AK,United States,Unalakleet Airport,,
2,2,DUT,Unalaska,US-AK,United States,Tom Madsen (Dutch Harbor) Airport,,
2,2,UTO,Utopia Creek,US-AK,United States,Indian Mountain LRRS Airport,,
2,2,BRW,Utqiaġvik,US-AK,United States,Wiley Post Will Rogers Memorial Airport,,
2,2,VDZ,Valdez,US-AK,United States,Valdez Pioneer Field,,
2,2,VLD,Valdosta,US-GA,United States,Valdosta Regional Airport,,
2,2,VPS,Valparaiso,US-FL,United States,Destin-Fort Walton Beach Airport,,
2,2,VEL,Vernal,US-UT,United States,Vernal Regional Airport,,
2,2,VRB,Vero Beach,US-FL,United States,Vero Beach Regional Airport,,
2,2,VCT,Victoria,US-TX,United States,Victoria Regional Airport,,
2,2,ACT,Waco,US-TX,United States,Waco Regional Airport,,
2,2,MUE,Waimea (Kamuela),US-HI,United States,Waimea Kohala Airport,check city name,
2,2,AIN,Wainwright,US-AK,United States,Wainwright Airport,,
2,2,ALW,Walla Walla,US-WA,United States,Walla Walla Regional Airport,,
2,2,ALO,Waterloo,US-IA,United States,Waterloo Regional Airport,,
2,2,ART,Watertown,US-NY,United States,Watertown International Airport,,
2,2,ATY,Watertown,US-SD,United States,Watertown Regional Airport,,
2,2,EAT,Wenatchee,US-WA,United States,Pangborn Memorial Airport,,
2,2,LAF,West Lafayette,US-IN,United States,Purdue University Airport,,
2,2,WYS,West Yellowstone,US-MT,United States,Yellowstone Airport,,
2,2,WST,Westerly,US-RI,United States,Westerly State Airport,,
2,2,SHD,Weyers Cave,US-VA,United States,Shenandoah Valley Regional Airport,,
2,2,HPN,White Plains,US-NY,United States,Westchester County Airport,,
2,2,ICT,Wichita,US-KS,United States,Wichita Dwight D. Eisenhower National Airport,,
2,2,SPS,Wichita Falls,US-TX,United States,Wichita Falls Municipal Airport / Sheppard Air Force Base,,
2,2,AVP,Wilkes-Barre/Scranton,US-PA,United States,Wilkes-Barre/Scranton International Airport,,
2,2,IPT,Williamsport,US-PA,United States,Williamsport Regional Airport,,
2,2,XWA,Williston,US-ND,United States,Williston Basin International Airport,,
2,2,ILG,Wilmington,US-DE,United States,Wilmington Airport,,
2,2,ILM,Wilmington,US-NC,United States,Wilmington International Airport,,
2,2,OLF,Wolf Point,US-MT,United States,L M Clayton Airport,,
2,2,ORH,Worcester,US-MA,United States,Worcester Regional Airport,,
2,2,WRG,Wrangell,US-AK,United States,Wrangell Airport,,
2,2,YKM,Yakima,US-WA,United States,Yakima Air Terminal McAllister Field,,
2,2,YAK,Yakutat,US-AK,United States,Yakutat Airport,,
2,2,YUM,Yuma,US-AZ,United States,Yuma International Airport / Marine Corps Air Station Yuma,,
2,2,PDP,Punta del Este,UY-MA,Uruguay,Capitan Corbeta CA Curbelo International Airport,,
2,2,RVY,Rivera/Santana do Livramento,UY-RV,Uruguay,Pres. Gral. Óscar D. Gestido Binational Airport,,
2,2,AZN,Andijan,UZ-AN,Uzbekistan,Andijan International Airport,,
2,2,FEG,Fergana,UZ-FA,Uzbekistan,Fergana International Airport,,
2,2,NVI,Navoi,UZ-NW,Uzbekistan,Navoi International Airport,,
2,2,TVT,Tashkent,UZ-TO,Uzbekistan,Tashkent-Khumo International Airport,,
2,2,TMJ,Termez,UZ-SU,Uzbekistan,Termez Airport,,
2,2,OMN,Zomin,UZ-JI,Uzbekistan,Zomin Airport,,
2,2,SON,Luganville,VU-SAM,Vanuatu,Santo Pekoa International Airport,,
2,2,TAH,Tanna Island,VU-TAE,Vanuatu,Whitegrass Airport,,
2,2,BNS,Barinas,VE-E,Venezuela,Barinas Airport,,
2,2,CAJ,Canaima,VE-F,Venezuela,Canaima Airport,,
2,2,CUP,Carúpano,VE-R,Venezuela,General Francisco Bermúdez Airport,,
2,2,CZE,Coro,VE-I,Venezuela,José Leonardo Chirinos Airport,,
2,2,CUM,Cumaná,VE-R,Venezuela,Antonio José de Sucre Airport,,
2,2,SOM,El Tigre,VE-B,Venezuela,San Tomé Airport,,
2,2,VIG,El Vigía,VE-L,Venezuela,Juan Pablo Pérez Alfonso Airport,,
2,2,MUN,Maturín,VE-N,Venezuela,José Tadeo Monagas International Airport,,
2,2,LSP,Paraguaná,VE-I,Venezuela,Josefa Camejo International Airport,,
2,2,SVZ,San Antonio del Tachira,VE-S,Venezuela,Juan Vicente Gómez International Airport,,
2,2,SNV,Santa Elena de Uairén,VE-F,Venezuela,Santa Elena de Uairén Airport,,
2,2,STD,Santo Domingo,VE-S,Venezuela,Mayor Buenaventura Vivas International Airport,,
2,2,VLV,Valera,VE-T,Venezuela,Dr. Antonio Nicolás Briceño Airport,,
2,2,BMV,Buon Ma Thuot,VN-CH,Vietnam,Buon Ma Thuot Airport,,
2,2,CAH,Ca Mau City,VN-SW,Vietnam,Cà Mau Airport,,
2,2,VCS,Con Dao,VN-SE,Vietnam,Con Dao Airport,,
2,2,DLI,Da Lat,VN-CH,Vietnam,Lien Khuong Airport,,
2,2,DIN,Dien Bien Phu,VN-NW,Vietnam,Dien Bien Phu Airport,,
2,2,VDH,Dong Hoi,VN-NC,Vietnam,Dong Hoi Airport,,
2,2,HUI,Huế,VN-NC,Vietnam,Phu Bai International Airport,,
2,2,PXU,Pleiku,VN-CH,Vietnam,Pleiku Airport,,
2,2,UIH,Quy Nohn,VN-SCC,Vietnam,Phu Cat Airport,,
2,2,VKG,Rach Gia,VN-SW,Vietnam,Rach Gia Airport,,
2,2,TBB,Tuy Hoa,VN-SCC,Vietnam,Dong Tac Airport,,
2,2,VDO,Van Don,VN-NE,Vietnam,Van Don International Airport,,
2,2,VII,Vinh,VN-NC,Vietnam,Vinh Airport,,
2,2,SMW,Smara,EH-U-A,Western Sahara,Smara Airport,,
2,2,AAY,Al Ghaydah,YE-MR,Yemen,Al Ghaydah International Airport,,
2,2,SCT,Mori,YE-SU,Yemen,Socotra Airport,,
2,2,TAI,Taiz,YE-TA,Yemen,Taiz International Airport,,
2,2,KAB,Kariba,ZW-MW,Zimbabwe,Kariba Airport,,
2,3,FBD,Fayzabad,AF-BDS,Afghanistan,Fayzabad Airport,,
2,3,FTI,Fitiuta Village,AS-MA,American Samoa,Fitiuta Airport,,
2,3,OFU,Ofu,AS-MA,American Samoa,Ofu Airport,,
2,3,TNM,Villa Las Estrellas,AQ-U-A,Antarctica,Teniente Rodolfo Marsh Martin Airport,,
2,3,GGS,Gobernador Gregores,AR-Z,Argentina,Gobernador Gregores Airport,,
2,3,RYO,Rio Turbio,AR-Z,Argentina,28 de Noviembre Airport,,
2,3,OES,San Antonio Oeste,AR-R,Argentina,Antoine de Saint Exupéry Airport,,
2,3,BXG,,AU-VIC,Australia,Bendigo Airport,NO CITY IN DATA,
2,3,BUC,,AU-QLD,Australia,Burketown Airport,NO CITY IN DATA,
2,3,CNC,,AU-QLD,Australia,Coconut Island Airport,NO CITY IN DATA,
2,3,DMD,,AU-QLD,Australia,Doomadgee Airport,NO CITY IN DATA,
2,3,JCK,,AU-QLD,Australia,Julia Creek Airport,NO CITY IN DATA,
2,3,KFG,,AU-NT,Australia,Kalkgurung Airport,NO CITY IN DATA,
2,3,KRB,,AU-QLD,Australia,Karumba Airport,NO CITY IN DATA,
2,3,LEL,,AU-NT,Australia,Lake Evella Airport,NO CITY IN DATA,
2,3,ONG,,AU-QLD,Australia,Mornington Island Airport,NO CITY IN DATA,
2,3,PMK,,AU-QLD,Australia,Palm Island Airport,NO CITY IN DATA,
2,3,RCM,,AU-QLD,Australia,Richmond Airport,NO CITY IN DATA,
2,3,RAM,,AU-NT,Australia,Ramingining Airport,NO CITY IN DATA,
2,3,SGO,,AU-QLD,Australia,St George Airport,NO CITY IN DATA,
2,3,AUU,Aurukun,AU-QLD,Australia,Aurukun Airport,,
2,3,BDD,Badu Island,AU-QLD,Australia,Badu Island Airport,,
2,3,ABM,Bamaga,AU-QLD,Australia,Northern Peninsula Airport,,
2,3,GIC,Boigu Island,AU-QLD,Australia,Boigu Island Airport,,
2,3,BQB,Busselton,AU-WA,Australia,Busselton Margaret River Regional Airport,,
2,3,CKW,Christmas Creek Mine,AU-WA,Australia,Christmas Creek Airport,,
2,3,GYZ,Cosmo Newbery,AU-WA,Australia,Gruyere Airport,,
2,3,NLF,Darnley Island,AU-QLD,Australia,Darnley Island Airport,,
2,3,HGD,Hughenden,AU-QLD,Australia,Hughenden Airport,,
2,3,KAX,Kalbarri,AU-WA,Australia,Kalbarri Airport,,
2,3,KQR,Karara,AU-WA,Australia,Karara Airport,,
2,3,KUG,Kubin Island,AU-QLD,Australia,Kubin Island Airport,,
2,3,HOK,Lajamanu,AU-NT,Australia,Hooker Creek Airport,,
2,3,LVO,Laverton,AU-WA,Australia,Laverton Airport,,
2,3,LDH,Lord Howe Island,AU-NSW,Australia,Lord Howe Island Airport,,
2,3,UBB,Mabuiag Island,AU-QLD,Australia,Mabuiag Island Airport,,
2,3,MCV,McArthur River Mine,AU-NT,Australia,McArthur River Mine Airport,,
2,3,MGT,Milingimbi Island,AU-NT,Australia,Milingimbi Airport,,
2,3,PXH,Mount Eba,AU-SA,Australia,Prominent Hill Airport,,
2,3,MYI,Murray Island,AU-QLD,Australia,Murray Island Airport,,
2,3,OLP,Olympic Dam,AU-SA,Australia,Olympic Dam Airport,,
2,3,EDR,Pormpuraaw,AU-QLD,Australia,Pormpuraaw Airport,,
2,3,SBR,Saibai Island,AU-QLD,Australia,Saibai Island Airport,,
2,3,SYU,Sue Islet,AU-QLD,Australia,Warraber Island Airport,,
2,3,FLS,Whitemark,AU-TAS,Australia,Flinders Island Airport,,
2,3,XMY,Yam Island,AU-QLD,Australia,Yam Island Airport,,
2,3,OKR,Yorke Island,AU-QLD,Australia,Yorke Island Airport,,
2,3,LLK,Lankaran,AZ-LA,Azerbaijan,Lankaran International Airport,,
2,3,BGK,Big Creek,BZ-SC,Belize,Big Creek Airport,,
2,3,INB,Independence,BZ-SC,Belize,Independence Airport,,
2,3,ORZ,Orange Walk,BZ-OW,Belize,H.E Alfredo Martinez (Tower Hill) Airstrip,,
2,3,PND,Punta Gorda,BZ-TOL,Belize,Punta Gorda Airport,,
2,3,BUT,Jakar,BT-33,Bhutan,Bathpalathang Airport,,
2,3,YON,Yongphulla,BT-41,Bhutan,Yongphulla Airport,,
2,3,CCA,Chimore,BO-C,Bolivia,Chimore Airport,,
2,3,PUR,Puerto Rico/Manuripi,BO-N,Bolivia,Puerto Rico Airport,,
2,3,RBQ,Rurrenabaque,BO-B,Bolivia,Rurrenabaque Airport,,
2,3,SWX,Shakawe,BW-NW,Botswana,Shakawe Airport,,
2,3,GGF,Almeirim,BR-PA,Brazil,Almeirim Airport,,
2,3,BAZ,Barcelos,BR-AM,Brazil,Barcelos Airport,,
2,3,BRA,Barreiras,BR-BA,Brazil,Dom Ricardo Weberberger Airport,,
2,3,BRB,Barreirinhas,BR-MA,Brazil,Barreirinhas National Airport,,
2,3,BYO,Bonito,BR-MS,Brazil,Bonito Airport,,
2,3,RBB,Borba,BR-AM,Brazil,Borba Airport,,
2,3,BVS,Breves,BR-PA,Brazil,Breves Airport,,
2,3,CFB,Cabo Frio,BR-RJ,Brazil,Cabo Frio Airport,,
2,3,OAL,Cacoal,BR-RO,Brazil,Cacoal Airport,,
2,3,CJZ,Cajazeiras,BR-PB,Brazil,Pedro Vieira Moreira Airport,,
2,3,CLV,Caldas Novas,BR-GO,Brazil,Nelson Ribeiro Guimarães Airport,,
2,3,CEL,Canela,BR-RS,Brazil,Canela Airport,,
2,3,CAF,Carauari,BR-AM,Brazil,Carauari Airport,,
2,3,CAU,Caruaru,BR-PE,Brazil,Caruaru Airport,,
2,3,FBE,Francisco Beltrão,BR-PR,Brazil,Paulo Abdala Airport,,
2,3,GGJ,Guaíra,BR-PR,Brazil,Guaíra Airport,,
2,3,GUZ,Guarapari,BR-ES,Brazil,Guarapari Airport,,
2,3,GPB,Guarapuava,BR-PR,Brazil,Tancredo Thomas de Faria Airport,,
2,3,JJG,Jaguaruna,BR-SC,Brazil,Humberto Ghizzo Bortoluzzi Regional Airport,,
2,3,JPR,Ji-Paraná,BR-RO,Brazil,Ji-Paraná Airport,,
2,3,JDO,Juazeiro do Norte,BR-CE,Brazil,Orlando Bezerra de Menezes Airport,,
2,3,LBR,Lábrea,BR-AM,Brazil,Lábrea Airport,,
2,3,LEC,Lençóis,BR-BA,Brazil,Coronel Horácio de Mattos Airport,,
2,3,MUU,Maraú,BR-BA,Brazil,Barra Grande Airport,,
2,3,PYT,Paracatu,BR-MG,Brazil,Pedro Rabelo de Souza Airport,,
2,3,JPE,Paragominas,BR-PA,Brazil,Nagib Demachki Airport,,
2,3,JPY,Paraty,BR-RJ,Brazil,Paraty Airport,,
2,3,PTO,Pato Branco,BR-PR,Brazil,Juvenal Loureiro Cardoso Airport,,
2,3,LCB,Pontes e Lacerda,BR-MT,Brazil,André Antônio Maggi Airport,,
2,3,OPP,Salinópolis,BR-PA,Brazil,Salinópolis Airport,,
2,3,IRZ,Santa Isabel do Rio Negro,BR-AM,Brazil,Tapuruquara Airport,,
2,3,SRA,Santa Rosa,BR-RS,Brazil,Luis Alberto Lehr Airport,,
2,3,SET,Serra Talhada,BR-PE,Brazil,Santa Magalhães Airport,,
2,3,OPS,Sinop,BR-MT,Brazil,Presidente João Batista Figueiredo Airport,,
2,3,SOD,Sorocaba,BR-SP,Brazil,Sorocaba Airport,,
2,3,SMT,Sorriso,BR-MT,Brazil,Adolino Bedin Regional Airport,,
2,3,TGQ,Tangará da Serra,BR-MT,Brazil,Tangará da Serra Airport,,
2,3,TOW,Toledo,BR-PR,Brazil,Toledo - Luiz Dalcanale Filho Municipal Airport,,
2,3,TJL,Três Lagoas,BR-MS,Brazil,Plínio Alarcom Airport,,
2,3,UMU,Umuarama,BR-PR,Brazil,Orlando de Carvalho Airport,,
2,3,UNA,Una,BR-BA,Brazil,Una-Comandatuba Airport,,
2,3,UVI,União da Vitória,BR-PR,Brazil,José Cleto Airport,,
2,3,VAL,Valença,BR-BA,Brazil,Valença Airport,,
2,3,KRE,Kirundo,BI-KI,Burundi,Kirundo Airport,,
2,3,LAK,Aklavik,CA-NT,Canada,Aklavik/Freddie Carmichael Airport,,
2,3,AKV,Akulivik,CA-QC,Canada,Akulivik Airport,,
2,3,YAL,Alert Bay,CA-BC,Canada,Alert Bay Airport,,
2,3,YAX,Angling Lake,CA-ON,Canada,Wapekeka Airport,,
2,3,YAB,Arctic Bay,CA-NU,Canada,Arctic Bay Airport,,
2,3,YEK,Arviat,CA-NU,Canada,Arviat Airport,,
2,3,YAT,Attawapiskat,CA-ON,Canada,Attawapiskat Airport,,
2,3,YPJ,Aupaluk,CA-QC,Canada,Aupaluk Airport,,
2,3,XBE,Bearskin Lake,CA-ON,Canada,Bearskin Lake Airport,,
2,3,YBV,Berens River,CA-MB,Canada,Berens River Airport,,
2,3,YTL,Big Trout Lake,CA-ON,Canada,Big Trout Lake Airport,,
2,3,YBI,Black Tickle,CA-NL,Canada,Black Tickle Airport,,
2,3,YDV,Bloodvein River,CA-MB,Canada,Bloodvein River Airport,,
2,3,YBT,Brochet,CA-MB,Canada,Brochet Airport,,
2,3,YRF,Cartwright,CA-NL,Canada,Cartwright Airport,,
2,3,YAC,Cat Lake,CA-ON,Canada,Cat Lake Airport,,
2,3,YHG,Charlottetown,CA-NL,Canada,Charlottetown Airport,,
2,3,YCS,Chesterfield Inlet,CA-NU,Canada,Chesterfield Inlet Airport,,
2,3,YHR,Chevery,CA-QC,Canada,Chevery Airport,,
2,3,YKU,Chisasibi,CA-QC,Canada,Chisasibi Airport,,
2,3,ZUM,Churchill Falls,CA-NL,Canada,Churchill Falls Airport,,
2,3,YCY,Clyde River,CA-NU,Canada,Clyde River Airport,,
2,3,YCK,Colville Lake,CA-NT,Canada,Tommy Kochon Airport,,
2,3,YCR,Cross Lake,CA-MB,Canada,Cross Lake (Charlie Sinclair Memorial) Airport,,
2,3,YDL,Dease Lake,CA-BC,Canada,Dease Lake Airport,,
2,3,YVZ,Deer Lake,CA-ON,Canada,Deer Lake Airport,,
2,3,YWJ,Déline,CA-NT,Canada,Déline Airport,,
2,3,ZEM,Eastmain River,CA-QC,Canada,Eastmain River Airport,,
2,3,YFO,Flin Flon,CA-MB,Canada,Flin Flon Airport,,
2,3,ZFD,Fond-du-Lac,CA-SK,Canada,Fond-du-Lac Airport,,
2,3,YFA,Fort Albany,CA-ON,Canada,Fort Albany Airport,,
2,3,YGH,Fort Good Hope,CA-NT,Canada,Fort Good Hope Airport,,
2,3,YFH,Fort Hope,CA-ON,Canada,Fort Hope Airport,,
2,3,ZFM,Fort Mcpherson,CA-NT,Canada,Fort Mcpherson Airport,,
2,3,YER,Fort Severn,CA-ON,Canada,Fort Severn Airport,,
2,3,YRA,Gamètì,CA-NT,Canada,Rae Lakes Airport,,
2,3,YGX,Gillam,CA-MB,Canada,Gillam Airport,,
2,3,YHK,Gjoa Haven,CA-NU,Canada,Gjoa Haven Airport,,
2,3,YGO,Gods Lake Narrows,CA-MB,Canada,Gods Lake Narrows Airport,,
2,3,ZGI,Gods River,CA-MB,Canada,Gods River Airport,,
2,3,YGZ,Grise Fiord,CA-NU,Canada,Grise Fiord Airport,,
2,3,YHO,Hopedale,CA-NL,Canada,Hopedale Airport,,
2,3,YGT,Igloolik,CA-NU,Canada,Igloolik Airport,,
2,3,ILF,Ilford,CA-MB,Canada,Ilford Airport,,
2,3,YPH,Inukjuak,CA-QC,Canada,Inukjuak Airport,,
2,3,YIK,Ivujivik,CA-QC,Canada,Ivujivik Airport,,
2,3,XGR,Kangiqsualujjuaq,CA-QC,Canada,Kangiqsualujjuaq (Georges River) Airport,,
2,3,YWB,Kangiqsujuaq,CA-QC,Canada,Kangiqsujuaq (Wakeham Bay) Airport,,
2,3,YKG,Kangirsuk,CA-QC,Canada,Kangirsuk Airport,,
2,3,ZKE,Kashechewan,CA-ON,Canada,Kashechewan Airport,,
2,3,KEW,Keewaywin,CA-ON,Canada,Keewaywin Airport,,
2,3,YLC,Kimmirut,CA-NU,Canada,Kimmirut Airport,,
2,3,KIF,Kingfisher Lake,CA-ON,Canada,Kingfisher Lake Airport,,
2,3,YTE,Kinngait,CA-NU,Canada,Cape Dorset Airport,,
2,3,YBB,Kugaaruk,CA-NU,Canada,Kugaaruk Airport,,
2,3,YCO,Kugluktuk,CA-NU,Canada,Kugluktuk Airport,,
2,3,ZLT,La Tabatière,CA-QC,Canada,La Tabatière Airport,,
2,3,XLB,Lac Brochet,CA-MB,Canada,Lac Brochet Airport,,
2,3,YLH,Lansdowne House,CA-ON,Canada,Lansdowne House Airport,,
2,3,ZGS,Le Golfe-du-Saint-Laurent,CA-QC,Canada,La Romaine Airport,,
2,3,YSG,Lutselk'e,CA-NT,Canada,Lutselk'e Airport,,
2,3,YMN,Makkovik,CA-NL,Canada,Makkovik Airport,,
2,3,YMH,Mary's Harbour,CA-NL,Canada,Mary's Harbour Airport,,
2,3,MSA,Muskrat Dam,CA-ON,Canada,Muskrat Dam Airport,,
2,3,YDP,Nain,CA-NL,Canada,Nain Airport,,
2,3,YNP,Natuashish,CA-NL,Canada,Natuashish Airport,,
2,3,YNS,Nemiscau,CA-QC,Canada,Nemiscau Airport,,
2,3,YNO,North Spirit Lake,CA-ON,Canada,North Spirit Lake Airport,,
2,3,YNE,Norway House,CA-MB,Canada,Norway House Airport,,
2,3,YOG,Ogoki Post,CA-ON,Canada,Ogoki Post Airport,,
2,3,YOC,Old Crow,CA-YT,Canada,Old Crow Airport,,
2,3,YOH,Oxford House,CA-MB,Canada,Oxford House Airport,,
2,3,YXP,Pangnirtung,CA-NU,Canada,Pangnirtung Airport,,
2,3,YPC,Paulatuk,CA-NT,Canada,Paulatuk (Nora Aliqatchialuk Ruben) Airport,,
2,3,YPO,Peawanuck,CA-ON,Canada,Peawanuck Airport,,
2,3,YPM,Pikangikum,CA-ON,Canada,Pikangikum Airport,,
2,3,YIO,Pond Inlet,CA-NU,Canada,Pond Inlet Airport,,
2,3,YHP,Poplar Hill,CA-ON,Canada,Poplar Hill Airport,,
2,3,YHA,Port Hope Simpson,CA-NL,Canada,Port Hope Simpson Airport,,
2,3,YMP,Port McNeill,CA-BC,Canada,Port McNeill Airport,,
2,3,YSO,Postville,CA-NL,Canada,Postville Airport,,
2,3,XPK,Pukatawagan,CA-MB,Canada,Pukatawagan Airport,,
2,3,YVM,Qikiqtarjuaq,CA-NU,Canada,Qikiqtarjuaq Airport,,
2,3,YQC,Quaqtaq,CA-QC,Canada,Quaqtaq Airport,,
2,3,YRS,Red Sucker Lake,CA-MB,Canada,Red Sucker Lake Airport,,
2,3,YUT,Repulse Bay,CA-NU,Canada,Naujaat Airport,,
2,3,YRG,Rigolet,CA-NL,Canada,Rigolet Airport,,
2,3,ZRJ,Round Lake,CA-ON,Canada,Round Lake (Weagamow Lake) Airport,,
2,3,ZPB,Sachigo Lake,CA-ON,Canada,Sachigo Lake Airport,,
2,3,YSY,Sachs Harbour,CA-NT,Canada,Sachs Harbour (David Nasogaluak Jr. Saaryuaq) Airport,,
2,3,YZG,Salluit,CA-QC,Canada,Salluit Airport,,
2,3,YSK,Sanikiluaq,CA-NU,Canada,Sanikiluaq Airport,,
2,3,ZTM,Shamattawa,CA-MB,Canada,Shamattawa Airport,,
2,3,XSI,South Indian Lake,CA-MB,Canada,South Indian Lake Airport,,
2,3,YFX,St. Lewis,CA-NL,Canada,St. Lewis (Fox Harbour) Airport,,
2,3,YST,St. Theresa Point,CA-MB,Canada,St. Theresa Point Airport,,
2,3,SUR,Summer Beaver,CA-ON,Canada,Summer Beaver Airport,,
2,3,XTL,Tadoule Lake,CA-MB,Canada,Tadoule Lake Airport,,
2,3,YYH,Taloyoak,CA-NU,Canada,Taloyoak Airport,,
2,3,YTQ,Tasiujaq,CA-QC,Canada,Tasiujaq Airport,,
2,3,ZTB,Tête-à-la-Baleine,CA-QC,Canada,Tête-à-la-Baleine Airport,,
2,3,YZZ,Trail,CA-BC,Canada,Trail Regional Airport,,
2,3,ZFN,Tulita,CA-NT,Canada,Tulita Airport,,
2,3,YHI,Ulukhaktok,CA-NT,Canada,Ulukhaktok Holman Airport,,
2,3,YUD,Umiujaq,CA-QC,Canada,Umiujaq Airport,,
2,3,YBE,Uranium City,CA-SK,Canada,Uranium City Airport,,
2,3,YKQ,Waskaganish,CA-QC,Canada,Waskaganish Airport,,
2,3,YWP,Webequie,CA-ON,Canada,Webequie Airport,,
2,3,YFJ,Wekweètì,CA-NT,Canada,Wekweètì Airport,,
2,3,YNC,Wemindji,CA-QC,Canada,Wemindji Airport,,
2,3,YXN,Whale Cove,CA-NU,Canada,Whale Cove Airport,,
2,3,YLE,Whatì,CA-NT,Canada,Whatì Airport,,
2,3,YWM,Williams Harbour,CA-NL,Canada,Williams Harbour Airport,,
2,3,ZWL,Wollaston Lake,CA-SK,Canada,Wollaston Lake Airport,,
2,3,WNN,Wunnumin Lake,CA-ON,Canada,Wunnumin Lake Airport,,
2,3,SFL,São Filipe,CV-S,Cape Verde,São Filipe Airport,,
2,3,MHC,Dalcahue,CL-LL,Chile,Mocopulli Airport,,
2,3,ZPC,Pucon,CL-AR,Chile,Pucón Airport,,
2,3,AKA,Ankang (Hanbin),CN-61,China,Ankang Fuqiang Airport,check city name,
2,3,HQQ,Anyang,CN-41,China,Anyang Hongqiqu Airport,,
2,3,ACF,Aral,CN-65,China,Aral Tarim Airport,,
2,3,RHT,Badanjilin,CN-15,China,Alxa Right Banner Badanjilin Airport,,
2,3,CIH,Changzhi,CN-14,China,Changzhi Wangcun Airport,,
2,3,JUH,Chizhou,CN-34,China,Chizhou Jiuhuashan Airport,,
2,3,CNI,Dalian (Changhai),CN-21,China,Changhai Dachangshandao Airport,check city name,
2,3,DQA,Daqing,CN-23,China,Daqing Sartu Airport,,
2,3,DAX,Dazhou (Daxian),CN-51,China,Dachuan Airport,check city name,
2,3,KOW,Ganzhou,CN-36,China,Ganzhou Huangjin Airport,,
2,3,GZG,Garzê (Garzê),CN-51,China,Garze Gesar Airport,check city name,
2,3,HBQ,Haibei (Qilian),CN-63,China,Haibei Qilian Airport,check city name,
2,3,HJB,Hejing,CN-65,China,Hejing Bayinbuluke Airport,,
2,3,HNY,Hengyang,CN-43,China,Hengyang Nanyue Airport,,
2,3,YTW,Hotan (Yutian),CN-65,China,Yutian Wanfang Airport,check city name,
2,3,JIU,Jiujiang,CN-36,China,Jiujiang Lushan Airport,,
2,3,KRY,Karamay,CN-65,China,Karamay Airport,,
2,3,KCA,Kuqa,CN-65,China,Kuqa Qiuci Airport,,
2,3,MXZ,Meizhou (Meixian),CN-44,China,Meizhou Meixian Changgangji International Airport,check city name,
2,3,NAO,Nanchong (Gaoping),CN-51,China,Nanchong Gaoping Airport,check city name,
2,3,NNY,Nanyang (Wancheng),CN-41,China,Nanyang Jiangying Airport,check city name,
2,3,SYM,Pu'er,CN-53,China,Pu'er Simao Airport,,
2,3,LLB,Qiannan (Libo),CN-52,China,Libo Airport,check city name,
2,3,JBK,Qitai,CN-65,China,Qitai Jiangbulake Airport,,
2,3,LGZ,Shannan,CN-54,China,Shannan Longzi Airport,,
2,3,SHF,Shihezi,CN-65,China,Shihezi Huayuan Airport,,
2,3,TCG,Tacheng,CN-65,China,Tacheng Qianquan Airport,,
2,3,TVS,Tangshan (Fengrun),CN-13,China,Tangshan Sannühe Airport,check city name,
2,3,TWC,Tumxuk,CN-65,China,Tumxuk Tangwangcheng Airport,,
2,3,HLH,Ulanhot,CN-15,China,Ulanhot Yilelite Airport,,
2,3,WXN,Wanzhou,CN-50,China,Wanzhou Wuqiao Airport,,
2,3,WNH,Wenshan,CN-53,China,Wenshan Puzhehei Airport,,
2,3,WSK,Wushan,CN-50,China,Chongqing Wushan Airport,,
2,3,DXJ,Xiangxi,CN-43,China,Xiangxi Biancheng Airport,,
2,3,WUT,Xinzhou,CN-14,China,Xinzhou Wutaishan Airport,,
2,3,ZFL,Zhaosu,CN-65,China,Zhaosu Tianma Airport,,
2,3,LCR,La Chorrera,CO-AMA,Colombia,Virgilio Barco Vargas (La Chorrera) Airport,,
2,3,LMC,La Macarena,CO-MET,Colombia,La Macarena Airport,,
2,3,LPD,La Pedrera,CO-AMA,Colombia,La Pedrera Airport,,
2,3,NQU,Nuquí,CO-CHO,Colombia,Reyes Murillo Airport,,
2,3,LQM,Puerto Leguízamo,CO-PUT,Colombia,Caucaya Airport,,
2,3,TLU,Santiago de Tolú,CO-SUC,Colombia,Golfo de Morrosquillo Airport,,
2,3,RVE,Saravena,CO-ARA,Colombia,Los Colonizadores Airport,,
2,3,TCD,Tarapacá,CO-AMA,Colombia,Tarapacá Airport,,
2,3,BNB,Boende,CD-TU,Congo - Kinshasa,Boende Airport,,
2,3,PFR,Ilebo,CD-KS,Congo - Kinshasa,Ilebo Airport,,
2,3,INO,Inongo,CD-MN,Congo - Kinshasa,Inongo Airport,,
2,3,KMN,Kamina,CD-HL,Congo - Kinshasa,Kamina City Airport,,
2,3,AIT,Aitutaki,CK-U-A,Cook Islands,Aitutaki Airport,,
2,3,AIU,Atiu Island,CK-U-A,Cook Islands,Enua Airport,,
2,3,MHX,Manihiki Island,CK-U-A,Cook Islands,Manihiki Island Airport,,
2,3,MUK,Mauke Island,CK-U-A,Cook Islands,Mauke Airport,,
2,3,MOI,Mitiaro Island,CK-U-A,Cook Islands,Mitiaro Island Airport,,
2,3,BYR,Læsø,DK-81,Denmark,Læsø Airport,,
2,3,LOH,La Toma (Catamayo),EC-L,Ecuador,Ciudad de Catamayo Airport,check city name,
2,3,SCY,Puerto Baquerizo Moreno,EC-W,Ecuador,San Cristóbal Airport,,
2,3,IBB,Puerto Villamil,EC-W,Ecuador,General Villamil Airport,,
2,3,NBN,San Antonio de Palé,GQ-AN,Equatorial Guinea,Annobón Airport,,
2,3,DEM,Dembidollo,ET-OR,Ethiopia,Dembidollo Airport,,
2,3,DSE,Dessie,ET-AM,Ethiopia,Kombolcha Airport,,
2,3,MTF,Mizan Teferi,ET-SW,Ethiopia,Mizan Teferi Airport,,
2,3,SZE,Semera,ET-AF,Ethiopia,Semera Airport,,
2,3,HIL,Shilavo,ET-SO,Ethiopia,Shilavo Airport,,
2,3,SHC,Shire Inda Selassie,ET-TI,Ethiopia,Shire Inda Selassie Airport,,
2,3,TIE,Tippi,ET-SW,Ethiopia,Tippi Airport,,
2,3,PSY,Stanley,FK-U-A,Falkland Islands,Port Stanley Airport,,
2,3,LEV,Bureta,FJ-E,Fiji,Levuka Airfield,,
2,3,ICI,Cicia,FJ-E,Fiji,Cicia Airport,,
2,3,KXF,Koro Island,FJ-E,Fiji,Koro Island Airport,,
2,3,LKB,Lakeba Island,FJ-E,Fiji,Lakeba Island Airport,,
2,3,PTF,Malolo Lailai Island,FJ-W,Fiji,Malolo Lailai Island Airport,,
2,3,MNF,Mana Island,FJ-W,Fiji,Mana Island Airport,,
2,3,TVU,Matei,FJ-N,Fiji,Matei Airport,,
2,3,MFJ,Moala,FJ-E,Fiji,Moala Airport,,
2,3,NGI,Ngau,FJ-E,Fiji,Ngau Airport,,
2,3,RTA,Rotuma,FJ-R,Fiji,Rotuma Airport,,
2,3,SVU,Savusavu,FJ-N,Fiji,Savusavu Airport,,
2,3,VBV,Vanua Balavu,FJ-E,Fiji,Vanua Balavu Airport,,
2,3,KDV,Vunisea,FJ-E,Fiji,Vunisea Airport,,
2,3,YAS,Yasawa Island,FJ-W,Fiji,Yasawa Island Airport,,
2,3,LPY,"Chaspuzac, Haute-Loire",FR-ARA,France,Le Puy-Loudes Airfield,check city name,
2,3,LTT,Saint-Tropez,FR-PAC,France,La Môle Airport,,
2,3,OUI,Ushant,FR-BRE,France,Ouessant Airport,,
2,3,RVV,,PF-U-A,French Polynesia,Raivavae Airport,NO CITY IN DATA,
2,3,PKP,,PF-U-A,French Polynesia,Puka Puka Airport,NO CITY IN DATA,
2,3,APK,Apataki,PF-U-A,French Polynesia,Apataki Airport,,
2,3,FHZ,Fakahina,PF-U-A,French Polynesia,Fakahina Airport,,
2,3,HHZ,Hikueru,PF-U-A,French Polynesia,Hikueru Airport,,
2,3,KHZ,Kauehi,PF-U-A,French Polynesia,Kauehi Airport,,
2,3,NIU,Naiu Atoll,PF-U-A,French Polynesia,Naiu Airport,,
2,3,NAU,Napuka Island,PF-U-A,French Polynesia,Napuka Island Airport,,
2,3,RRR,Raroia,PF-U-A,French Polynesia,Raroia Airport,,
2,3,RMT,Rimatara Island,PF-U-A,French Polynesia,Rimatara Airport,,
2,3,TKV,Tatakoto,PF-U-A,French Polynesia,Tatakoto Airport,,
2,3,UAH,Ua Huka,PF-U-A,French Polynesia,Ua Huka Airport,,
2,3,UAP,Ua Pou,PF-U-A,French Polynesia,Ua Pou Airport,,
2,3,GAX,Gamba,GA-8,Gabon,Gamba Airport,,
2,3,BMR,Baltrum,DE-NI,Germany,Baltrum Airport,,
2,3,BMK,Borkum,DE-NI,Germany,Borkum Airport,,
2,3,EME,Emden,DE-NI,Germany,Emden Airport,,
2,3,HGL,Helgoland,DE-SH,Germany,Helgoland-Düne Airport,,
2,3,JUI,Juist,DE-NI,Germany,Juist Airport,,
2,3,NOD,Norddeich,DE-NI,Germany,Norden-Norddeich Airport,,
2,3,NRD,Norderney,DE-NI,Germany,Norderney Airport,,
2,3,HEI,Oesterdeichstrich,DE-SH,Germany,Heide-Büsum Airport,,
2,3,AGE,Wangerooge,DE-NI,Germany,Wangerooge Airport,,
2,3,KSO,Argos Orestiko,GR-C,Greece,Kastoria National Airport Aristotle,,
2,3,JTY,Astypalaia Island,GR-L,Greece,Astypalaia Airport,,
2,3,JIK,Ikaria Island,GR-K,Greece,Ikaria Airport,,
2,3,JKL,Kalymnos Island,GR-L,Greece,Kalymnos Airport,,
2,3,KSJ,Kasos Island,GR-L,Greece,Kasos Airport,,
2,3,KZS,Kastelorizo Island,GR-L,Greece,Kastelorizo Airport,,
2,3,KIT,Kithira Island,GR-I,Greece,Kithira Airport,,
2,3,LRS,Leros Island,GR-L,Greece,Leros Airport,,
2,3,LXS,Limnos Island,GR-K,Greece,Limnos Airport,,
2,3,MLO,Milos Island,GR-L,Greece,Milos Airport,,
2,3,JNX,Naxos,GR-L,Greece,Naxos Island National Airport,,
2,3,PAS,Paros,GR-L,Greece,Paros National Airport,,
2,3,SKU,Skiros Island,GR-H,Greece,Skiros Airport,,
2,3,JSY,Syros Island,GR-L,Greece,Syros Airport,,
2,3,JSU,Maniitsoq,GL-QA,Greenland,Maniitsoq Airport,,
2,3,JFR,Paamiut,GL-SE,Greenland,Paamiut Airport,,
2,3,JUV,Upernavik,GL-AV,Greenland,Upernavik Airport,,
2,3,JQA,Uummannaq,GL-AV,Greenland,Qaarsut Airport,,
2,3,CRU,Carriacou Island,GD-PA,Grenada,Lauriston Airport,,
2,3,BBR,Basse-Terre,GP-U-A,Guadeloupe,Basse-Terre Baillif Airport,,
2,3,DSD,Grande Anse,GP-U-A,Guadeloupe,La Désirade Airport,,
2,3,SFC,St-François,GP-U-A,Guadeloupe,St-François Airport,,
2,3,HUG,Huehuetenango,GT-HU,Guatemala,Huehuetenango Airport,,
2,3,AAZ,Quezaltenango,GT-QZ,Guatemala,Quezaltenango Airport,,
2,3,PEU,Puerto Lempira,HN-GD,Honduras,Puerto Lempira Airport,,
2,3,UII,Utila Island,HN-IB,Honduras,Utila Airport,,
2,3,THO,Þórshöfn,IS-6,Iceland,Þórshöfn Airport,,
2,3,JRG,,IN-OR,India,Jharsuguda Airport,NO CITY IN DATA,
2,3,AIP,Adampur,IN-PB,India,Adampur Airport,,
2,3,HRH,Aligarh,IN-UP,India,Aligarh Airport,,
2,3,DGH,Deoghar,IN-JH,India,Deoghar Airport,,
2,3,DIU,Diu,IN-DH,India,Diu Airport,,
2,3,HDO,Ghaziabad,IN-UP,India,Hindon Airport / Hindon Air Force Station,,
2,3,JGB,Jagdalpur,IN-CT,India,Jagdalpur Airport,,
2,3,JLG,Jalgaon,IN-MM,India,Jalgaon Airport,,
2,3,GBI,Kalaburagi,IN-KA,India,Kalaburagi Airport,,
2,3,VSV,Shravasti,IN-UP,India,Shravasti Airport,,
2,3,TCR,Vagaikulam,IN-TN,India,Tuticorin Airport,,
2,3,ABU,Atambua,ID-NT,Indonesia,AA Bere Tallo (Haliwen) Airport,,
2,3,RTI,Ba'a - Rote Island,ID-NT,Indonesia,David Constantijn Saudale Airport,,
2,3,BTW,Batu Licin,ID-KS,Indonesia,Bersujud Airport,,
2,3,KSR,Benteng,ID-SN,Indonesia,Selayar - Haji Aroeppala Airport,,
2,3,BUI,Bokondini,ID-PP,Indonesia,Bokondini Airport,,
2,3,BXT,Bontang-Borneo Island,ID-KI,Indonesia,LNG Badak Airport,,
2,3,UOL,Buol,ID-ST,Indonesia,Buol - Pogogul Airport,,
2,3,CJN,Cijulang,ID-JB,Indonesia,Nusawiru Airport,,
2,3,DTD,Datadawai-Borneo Island,ID-KI,Indonesia,Datadawai Airport,,
2,3,DEX,Dekai,ID-PP,Indonesia,Nop Goliat Dekai Airport,,
2,3,ENE,Ende,ID-NT,Indonesia,H. Hasan Aroeboesman (Ende) Airport,,
2,3,GTO,Gorontalo,ID-GO,Indonesia,Jalaluddin Airport,,
2,3,DJB,Jambi,ID-JA,Indonesia,Sultan Thaha Airport,,
2,3,JBB,Jember,ID-JI,Indonesia,Notohadinegoro Airport,,
2,3,ARD,Kabola,ID-NT,Indonesia,Alor Island - Mali Airport,,
2,3,KWB,Karimunjawa,ID-JT,Indonesia,Dewadaru Airport,,
2,3,KDI,Kendari,ID-SG,Indonesia,Haluoleo Airport,,
2,3,LBJ,"Labuan Bajo, Manggarai Barat",ID-NT,Indonesia,Komodo Airport,check city name,
2,3,LSW,Lhok Seumawe-Sumatra Island,ID-AC,Indonesia,Malikus Saleh Airport,,
2,3,LKM,Lolak,ID-SA,Indonesia,Bolaang Mongondow Airport,,
2,3,LPU,Long Apung-Borneo Island,ID-KU,Indonesia,Long Apung Airport,,
2,3,LBW,Long Bawan,ID-KU,Indonesia,Yuvai Semaring Airport,,
2,3,LKI,Lubang,ID-AC,Indonesia,Lasikin Airport,,
2,3,LNU,Malinau,ID-KU,Indonesia,Robert Atty Bessing,,
2,3,MOH,Morowali,ID-ST,Indonesia,Maleo Airport,,
2,3,BUU,Muara Bungo,ID-JA,Indonesia,Muara Bungo Airport,,
2,3,HMS,Muara Teweh,ID-KT,Indonesia,Haji Muhammad Sidik Airport,,
2,3,MPC,Muko Muko,ID-BE,Indonesia,Muko Muko Airport,,
2,3,LLO,Palopo,ID-SN,Indonesia,Bua - Palopo Lagaligo Airport,,
2,3,PKN,Pangkalanbun,ID-KT,Indonesia,Iskandar Airport,,
2,3,TMC,Radamata,ID-NT,Indonesia,Tambolaka Airport,,
2,3,BWX,"Rogojampi, Banyuwangi",ID-JI,Indonesia,Banyuwangi Airport,check city name,
2,3,SMQ,Sampit,ID-KT,Indonesia,Sampit (H.Asan) Airport,,
2,3,RTG,"Satar Tacik, Manggarai",ID-NT,Indonesia,Frans Sales Lega Airport,check city name,
2,3,SXK,Saumlaki-Yamdena Island,ID-MA,Indonesia,Mathilda Batlayeri Airport,,
2,3,KLP,Seruyan,ID-KT,Indonesia,Seruyan Kuala Pembuang Airport,,
2,3,DTB,Siborong-Borong,ID-SU,Indonesia,Silangit Airport,,
2,3,FSH,Singkil,ID-AC,Indonesia,Syekh Hamzah Fansyuri Airport,,
2,3,RKI,Sipura Island,ID-SB,Indonesia,Mentawai Airport,,
2,3,KBU,Stagen,ID-KS,Indonesia,Gusti Syamsir Alam Airport,,
2,3,SWQ,Sumbawa Besar,ID-NB,Indonesia,Sultan Muhammad Kaharuddin III Airport,,
2,3,KRC,Sungai Penuh,ID-JA,Indonesia,Departi Parbo Airport,,
2,3,TJQ,Tanjung Pandan,ID-BB,Indonesia,H A S Hanandjoeddin International Airport,,
2,3,TJS,Tanjung Selor-Borneo Island,ID-KU,Indonesia,Tanjung Harapan Airport,,
2,3,JIO,Tiakur,ID-MA,Indonesia,Jos Orno Imsula Airport,,
2,3,LKA,Tiwatobi,ID-NT,Indonesia,Larantuka Gewayentana Airport,,
2,3,OJU,Tojo Una-Una,ID-ST,Indonesia,Tanjung Api Airport,,
2,3,TLI,Toli Toli-Celebes Island,ID-ST,Indonesia,Sultan Bantilan Airport,,
2,3,TBM,Tumbang Samba-Borneo Island,ID-KT,Indonesia,Tumbang Samba Airport,,
2,3,WGP,Waingapu-Sumba Island,ID-NT,Indonesia,Umbu Mehang Kunda Airport,,
2,3,MOF,Waioti,ID-NT,Indonesia,Frans Xavier Seda Airport,,
2,3,RJM,Waisai,ID-PD,Indonesia,Marinda Airport,,
2,3,JSK,Bandar-e-Jask,IR-22,Iran,Jask Airport,,
2,3,PFQ,Parsabad,IR-24,Iran,Parsabad-Moghan Airport,,
2,3,SNX,Semnan,IR-20,Iran,Semnan Municipal Airport,,
2,3,IIA,Inis Meáin,IE-G,Ireland,Inishmaan Aerodrome,,
2,3,IOR,Inis Mór,IE-G,Ireland,Inishmore Aerodrome,,
2,3,INQ,Inis Oírr,IE-G,Ireland,Inisheer Aerodrome,,
2,3,NNR,Inverin,IE-G,Ireland,Connemara Regional Airport,,
2,3,AGJ,Aguni,JP-47,Japan,Aguni Airport,,
2,3,UZR,Urzhar,KZ-ABA,Kazakhstan,Urzhar Airport,,
2,3,USJ,Usharal,KZ-JET,Kazakhstan,Usharal Airport,,
2,3,SZI,Zaysan,KZ-VOS,Kazakhstan,Zaysan Airport,,
2,3,JJM,Meru-Kinna,KE-12,Kenya,Mulika Lodge Airport,,
2,3,AAK,Buariki,KI-G,Kiribati,Aranuka Airport,,
2,3,BBG,Butaritari,KI-G,Kiribati,Butaritari Airport,,
2,3,LXG,Luang Namtha,LA-LM,Laos,Luang Namtha Airport,,
2,3,ODY,Oudomsay,LA-OU,Laos,Oudomsay Airport,,
2,3,XKH,Xieng Khouang,LA-XI,Laos,Xieng Khouang Airport,,
2,3,MRA,Misrata,LY-MI,Libya,Misrata International Airport,,
2,3,DWB,Soalala,MG-M,Madagascar,Soalala Airport,,
2,3,WTA,Tambohorano,MG-M,Madagascar,Tambohorano Airport,,
2,3,TTS,Tsaratanana,MG-M,Madagascar,Tsaratanana Airport,,
2,3,BKM,Bakalalan,MY-13,Malaysia,Bakalalan Airport,,
2,3,KUD,Kudat,MY-12,Malaysia,Kudat Airport,,
2,3,LWY,Lawas,MY-13,Malaysia,Lawas Airport,,
2,3,LBP,Long Banga,MY-13,Malaysia,Long Banga Airport,,
2,3,LGL,Long Datih,MY-13,Malaysia,Long Lellang Airport,,
2,3,ODN,Long Seridan,MY-13,Malaysia,Long Seridan Airport,,
2,3,PKG,Pangkor Island,MY-08,Malaysia,Pulau Pangkor Airport,,
2,3,TMG,Tomanggong,MY-12,Malaysia,Tomanggong Airport,,
2,3,HRF,,MV-07,Maldives,Hoarafushi Airport,NO CITY IN DATA,
2,3,DRV,Baa Atoll,MV-20,Maldives,Dharavandhoo Airport,,
2,3,FMT,Faresmaathodaa,MV-28,Maldives,Faresmaathoda Airport,,
2,3,FND,Funadhoo,MV-24,Maldives,Funadhoo Airport,,
2,3,GKK,Huvadhu Atoll,MV-27,Maldives,Kooddoo Airport,,
2,3,HDK,Kulhudhuffushi,MV-23,Maldives,Kulhudhuffushi Airport,,
2,3,RUL,Maavaarulu,MV-28,Maldives,Maavaarulaa Airport,,
2,3,TMF,Thimarafushi,MV-08,Maldives,Thimarafushi Airport,,
2,3,JEJ,Ailinglapalap Atoll,MH-ALL,Marshall Islands,Jeh Airport,,
2,3,AUL,Aur Atoll,MH-AUR,Marshall Islands,Aur Island Airport,,
2,3,EJT,Enejit Island,MH-MIL,Marshall Islands,Enejit Airport,,
2,3,ENT,Eniwetok Atoll,MH-ENI,Marshall Islands,Eniwetok Airport,,
2,3,UIT,Jabor Jaluit Atoll,MH-JAL,Marshall Islands,Jaluit Airport,,
2,3,KIO,Kili Island,MH-KIL,Marshall Islands,Kili Airport,,
2,3,LIK,Likiep Island,MH-LIK,Marshall Islands,Likiep Airport,,
2,3,MJE,Majkin,MH-NMU,Marshall Islands,Majkin Airport,,
2,3,MIJ,Mili Island,MH-MIL,Marshall Islands,Mili Island Airport,,
2,3,RNP,Rongelap Island,MH-RON,Marshall Islands,Rongelap Island Airport,,
2,3,UJE,Ujae Atoll,MH-UJA,Marshall Islands,Ujae Atoll Airport,,
2,3,UTK,Utirik Island,MH-UTI,Marshall Islands,Utirik Airport,,
2,3,WTO,Wotho Island,MH-WTN,Marshall Islands,Wotho Island Airport,,
2,3,WTE,Wotje,MH-WTJ,Marshall Islands,Wotje Airport,,
2,3,CUA,Comondú,MX-BCS,Mexico,Ciudad Constitución National Airport,,
2,3,SRL,Mulegé,MX-BCS,Mexico,Palo Verde Airport,,
2,3,PPE,Puerto Peñasco,MX-SON,Mexico,Mar de Cortés International Airport,,
2,3,GUB,San Quintín,MX-BCN,Mexico,Guerrero Negro Airport,,
2,3,MXW,Mandalgobi,MN-059,Mongolia,Mandalgobi Airport,,
2,3,ULZ,Uliastai,MN-057,Mongolia,Donoi Airport,,
2,3,VJB,Xai-Xai,MZ-G,Mozambique,Xai-Xai Chongoene Airport,,
2,3,BMO,Banmaw,MM-11,Myanmar (Burma),Banmaw Airport,,
2,3,KHM,Kanti,MM-01,Myanmar (Burma),Kanti Airport,,
2,3,MWQ,Magway,MM-03,Myanmar (Burma),Magway Airport,,
2,3,MNU,Mawlamyine,MM-15,Myanmar (Burma),Mawlamyine Airport,,
2,3,NYU,Nyaung U,MM-04,Myanmar (Burma),Bagan Airport,,
2,3,BSX,Pathein,MM-07,Myanmar (Burma),Pathein Airport,,
2,3,HAL,Halali,NA-OT,Namibia,Halali Airport,,
2,3,BDP,Bhadrapur,NP-P1,Nepal,Bhadrapur Airport,,
2,3,BHR,Bharatpur,NP-P3,Nepal,Bharatpur Airport,,
2,3,DOP,Dolpa,NP-P6,Nepal,Dolpa Airport,,
2,3,JMO,Jomsom,NP-P4,Nepal,Jomsom Airport,,
2,3,JUM,Jumla,NP-P6,Nepal,Jumla Airport,,
2,3,SIH,Silgadi Doti,NP-P7,Nepal,Silgadi Doti Airport,,
2,3,SIF,Simara,NP-P2,Nepal,Simara Airport,,
2,3,IMK,Simikot,NP-P6,Nepal,Simikot Airport,,
2,3,SKH,Surkhet,NP-P6,Nepal,Surkhet Airport,,
2,3,TMI,Tumling Tar,NP-P1,Nepal,Tumling Tar Airport,,
2,3,KOC,Koumac,NC-02,New Caledonia,Koumac Airport,,
2,3,BMY,Waala,NC-02,New Caledonia,Île Art - Waala Airport,,
2,3,GBZ,Claris,NZ-AUK,New Zealand,Great Barrier Aerodrome,,
2,3,PCN,Koromiko,NZ-MBH,New Zealand,Picton Aerodrome,,
2,3,RNI,Corn Island,NI-AS,Nicaragua,Corn Island Airport,,
2,3,FDE,Førde,NO-46,Norway,"Førde Airport, Bringeland",,
2,3,HAA,Hasvik,NO-56,Norway,Hasvik Airport,,
2,3,OSY,Namsos,NO-50,Norway,Namsos Airport,,
2,3,RET,Røst,NO-18,Norway,Røst Airport,,
2,3,SDN,Sandane,NO-46,Norway,"Sandane Airport, Anda",,
2,3,SOG,Sogndal,NO-46,Norway,"Sogndal Airport, Haukåsen",,
2,3,DBA,Dalbandin,PK-BA,Pakistan,Dalbandin Airport,,
2,3,HDD,Hyderabad,PK-SD,Pakistan,Hyderabad Airport,,
2,3,KDD,Khuzdar,PK-BA,Pakistan,Khuzdar Airport,,
2,3,MFG,Muzaffarabad,PK-JK,Pakistan,Muzaffarabad Airport,,
2,3,OTD,Contadora Island,PA-8,Panama,Raul Arias Espinoza Airport,,
2,3,BLB,Panamá City,PA-10,Panama,Panamá Pacífico International Airport,,
2,3,PDM,Pedasí,PA-7,Panama,Capt. J. Montenegro Airport,,
2,3,BFQ,Puerto Piña,PA-5,Panama,Bahia Piña Airport,,
2,3,RIH,Río Hato,PA-2,Panama,Scarlett Martinez International Airport,,
2,3,BOT,Bosset,PG-WPD,Papua New Guinea,Bosset Airport,,
2,3,GMI,Gasmata Island,PG-WBK,Papua New Guinea,Gasmata Island Airport,,
2,3,KIE,Kieta,PG-NSB,Papua New Guinea,Aropa Airport,,
2,3,KRI,Kikori,PG-GPK,Papua New Guinea,Kikori Airport,,
2,3,UNG,Kiunga,PG-WPD,Papua New Guinea,Kiunga Airport,,
2,3,LMY,Lake Murray,PG-WPD,Papua New Guinea,Lake Murray Airport,,
2,3,LNV,Londolovit,PG-NIK,Papua New Guinea,Londolovit Airport,,
2,3,LSA,Losuia,PG-MBA,Papua New Guinea,Losuia Airport,,
2,3,MIS,Misima Island,PG-MBA,Papua New Guinea,Misima Island Airport,,
2,3,MXH,Moro,PG-SHM,Papua New Guinea,Moro Airport,,
2,3,OBX,Obo,PG-WPD,Papua New Guinea,Obo Airport,,
2,3,TDS,Sasereme,PG-WPD,Papua New Guinea,Sasereme Airport,,
2,3,TBG,Tabubil,PG-WPD,Papua New Guinea,Tabubil Airport,,
2,3,TPI,Tapini,PG-CPM,Papua New Guinea,Tapini Airport,,
2,3,TIZ,Tari,PG-HLA,Papua New Guinea,Tari Airport,,
2,3,TFI,Tufi,PG-NPP,Papua New Guinea,Tufi Airport,,
2,3,ANS,Andahuaylas,PE-APU,Peru,Andahuaylas Airport,,
2,3,CYU,Cuyo,PH-PLW,Philippines,Cuyo Airport,,
2,3,IAO,Del Carmen,PH-SUN,Philippines,Siargao Airport,,
2,3,ENI,El Nido,PH-PLW,Philippines,El Nido Airport,,
2,3,SWL,San Vicente,PH-PLW,Philippines,San Vicente Airport,,
2,3,CVU,Corvo,PT-20,Portugal,Corvo Airport,,
2,3,BQJ,Batagay,RU-SA,Russia,Batagay Airport,,
2,3,SUK,Batagay-Alyta,RU-SA,Russia,Sakkyryr Airport,,
2,3,ODO,Bodaybo,RU-IRK,Russia,Bodaybo Airport,,
2,3,BQG,Bogorodskoye,RU-KHA,Russia,Bogorodskoye Airport,,
2,3,DLR,Dalnerechensk,RU-PRI,Russia,Dalnerechensk Airport,,
2,3,DPT,Deputatskiy,RU-SA,Russia,Deputatskiy Airport,,
2,3,ITU,Kurilsk,RU-SAK,Russia,Iturup Airport,,
2,3,LDG,Leshukonskoye,RU-ARK,Russia,Leshukonskoye Airport,,
2,3,KVM,Markovo,RU-CHU,Russia,Markovo Airport,,
2,3,MJY,Motygino,RU-KYA,Russia,Motygino Airport,,
2,3,NZG,Nizhneangarsk,RU-BU,Russia,Nizhneangarsk International Airport,,
2,3,NGK,Nogliki,RU-SAK,Russia,Nogliki Airport,,
2,3,TLY,Plastun,RU-PRI,Russia,Plastun Airport,,
2,3,EKS,Shakhtyorsk,RU-SAK,Russia,Shakhtyorsk Airport,,
2,3,CSH,Solovetsky Islands,RU-ARK,Russia,Solovki Airport,,
2,3,SUY,Suntar,RU-SA,Russia,Suntar Airport,,
2,3,TKM,Taksimo,RU-BU,Russia,Taksimo Airport,,
2,3,GOY,Tura,RU-KYA,Russia,Tura Mountain Airport,,
2,3,THX,Turukhansk,RU-KYA,Russia,Turukhansk Airport,,
2,3,UKG,Ust-Kuyga,RU-SA,Russia,Ust-Kuyga Airport,,
2,3,UMS,Ust-Maya,RU-SA,Russia,Ust-Maya Airport,,
2,3,VHV,Verkhnevilyuisk,RU-SA,Russia,Verkhnevilyuisk Airport,,
2,3,DEE,Yuzhno-Kurilsk,RU-SAK,Russia,Yuzhno-Kurilsk Mendeleyevo Airport,,
2,3,BNY,Anua,SB-RB,Solomon Islands,Bellona/Anua Airport,,
2,3,AKS,Auki,SB-ML,Solomon Islands,Gwaunaru'u Airport,,
2,3,BAS,Ballalae,SB-WE,Solomon Islands,Ballalae Airport,,
2,3,CHY,Choiseul Bay,SB-CH,Solomon Islands,Choiseul Bay Airport,,
2,3,FRE,Fera Island,SB-IS,Solomon Islands,Fera/Maringe Airport,,
2,3,GTA,Gatokae,SB-WE,Solomon Islands,Gatokae Aerodrome,,
2,3,GZO,Gizo,SB-WE,Solomon Islands,Nusatupe Airport,,
2,3,KGE,Kagau Island,SB-CH,Solomon Islands,Kaghau Airport,,
2,3,IRA,Kirakira,SB-MK,Solomon Islands,Ngorangora Airport,,
2,3,MHM,Manaoba,SB-ML,Solomon Islands,Manaoba Airport,,
2,3,RUS,Marau,SB-GU,Solomon Islands,Marau Airport,,
2,3,RBV,Ramata,SB-WE,Solomon Islands,Ramata Airport,,
2,3,RNL,Rennell Island,SB-RB,Solomon Islands,Rennell/Tingoa Airport,,
2,3,NNB,Santa Ana Island,SB-MK,Solomon Islands,Santa Ana Airport,,
2,3,SCZ,Santa Cruz/Graciosa Bay/Luova,SB-TE,Solomon Islands,Santa Cruz/Graciosa Bay/Luova Airport,,
2,3,MNY,Stirling Island,SB-WE,Solomon Islands,Mono Airport,,
2,3,VAO,Suavanao,SB-IS,Solomon Islands,Suavanao Airport,,
2,3,XYA,Yandina,SB-CE,Solomon Islands,Yandina Airport,,
2,3,BLW,Beledweyne,SO-HI,Somalia,Beledweyne Airport,,
2,3,GLK,Galcaio,SO-MU,Somalia,Galcaio Airport,,
2,3,GGR,Garowe,SO-NU,Somalia,Garowe Airport,,
2,3,GMZ,"Alajero, La Gomera Island",ES-CN,Spain,La Gomera Airport,check city name,
2,3,MQC,Miquelon,PM-ML,St. Pierre & Miquelon,Miquelon Airport,,
2,3,DRJ,Drietabbetje,SR-SI,Suriname,Drietabbetje Airport,,
2,3,EAX,Kwatta,SR-PM,Suriname,Eduard Alexander Gummels Airport,,
2,3,MOJ,Moengo,SR-MA,Suriname,Moengo Airstrip,,
2,3,ORG,Paramaribo,SR-PM,Suriname,Zorg en Hoop Airport,,
2,3,AGI,Wageningen,SR-NI,Suriname,Wageningen Airstrip,,
2,3,HMV,Hemavan,SE-AC,Sweden,Hemavan Airport,,
2,3,PJA,Pajala,SE-BD,Sweden,Pajala Airport,,
2,3,HFS,Råda,SE-S,Sweden,Hagfors Airport,,
2,3,EVG,Sveg,SE-Z,Sweden,Sveg Airport,,
2,3,BKZ,Bukoba,TZ-05,Tanzania,Bukoba Airport,,
2,3,TKQ,Kigoma,TZ-08,Tanzania,Kigoma Airport,,
2,3,MFA,Kilindoni,TZ-19,Tanzania,Mafia Airport,,
2,3,MUZ,Musoma,TZ-13,Tanzania,Musoma Airport,,
2,3,SEU,Seronera,TZ-13,Tanzania,Seronera Airport,,
2,3,SHY,Shinyanga,TZ-22,Tanzania,Shinyanga Airport,,
2,3,TBO,Tabora,TZ-24,Tanzania,Tabora Airport,,
2,3,EUA,Eua Island,TO-01,Tonga,Kaufana Airport,,
2,3,NTT,Niuatoputapu,TO-03,Tonga,Kuini Lavenia Airport,,
2,3,KZR,Altıntaş,TR-43,Türkiye,Zafer Airport,,
2,3,MZH,Amasya,TR-05,Türkiye,Amasya Merzifon Airport,,
2,3,BGG,Bingöl,TR-12,Türkiye,Bingöl Airport,,
2,3,VAS,Sivas,TR-58,Türkiye,Sivas Nuri Demirağ Airport,,
2,3,SLX,Salt Cay,TC-SL,Turks & Caicos Islands,Salt Cay Airport,,
2,3,KXO,Kisoro,UG-W,Uganda,Kisoro Airport,,
2,3,ZDY,Delma Island,AE-AZ,United Arab Emirates,Delma Airport,,
2,3,COL,Coll Island,GB-SCT,United Kingdom,Coll Airport,,
2,3,CSA,Colonsay,GB-SCT,United Kingdom,Colonsay Airstrip,,
2,3,FIE,Fair Isle,GB-SCT,United Kingdom,Fair Isle Airport,,
2,3,FOA,Foula,GB-SCT,United Kingdom,Foula Airfield,,
2,3,LEQ,"Land's End, Cornwall",GB-ENG,United Kingdom,Land's End Airport,check city name,
2,3,LWK,"Lerwick, Shetland Islands",GB-SCT,United Kingdom,Lerwick / Tingwall Airport,check city name,
2,3,OBN,North Connel,GB-SCT,United Kingdom,Oban Airport,,
2,3,NRL,North Ronaldsay,GB-SCT,United Kingdom,North Ronaldsay Airport,,
2,3,PPW,"Papa Westray, Orkney Islands",GB-SCT,United Kingdom,Papa Westray Airport,check city name,
2,3,NDY,Sanday,GB-SCT,United Kingdom,Sanday Airport,,
2,3,ISC,"St. Mary's, Isles of Scilly",GB-ENG,United Kingdom,St. Mary's Airport,check city name,
2,3,SOY,Stronsay,GB-SCT,United Kingdom,Stronsay Airport,,
2,3,WRY,"Westray, Orkney Islands",GB-SCT,United Kingdom,Westray Airport,check city name,
2,3,AKK,Akhiok,US-AK,United States,Akhiok Airport,,
2,3,KKI,Akiachak,US-AK,United States,Akiachak Airport,,
2,3,AKI,Akiak,US-AK,United States,Akiak Airport,,
2,3,KQA,Akutan,US-AK,United States,Akutan Airport,,
2,3,AUK,Alakanuk,US-AK,United States,Alakanuk Airport,,
2,3,AET,Allakaket,US-AK,United States,Allakaket Airport,,
2,3,OTS,Anacortes,US-WA,United States,Anacortes Airport,,
2,3,AKB,Atka,US-AK,United States,Atka Airport,,
2,3,ATT,Atmautluak,US-AK,United States,Atmautluak Airport,,
2,3,WBQ,Beaver,US-AK,United States,Beaver Airport,,
2,3,BTT,Bettles,US-AK,United States,Bettles Airport,,
2,3,KBC,Birch Creek,US-AK,United States,Birch Creek Airport,,
2,3,BYW,Blakely Island,US-WA,United States,Blakely Island Airport,,
2,3,BID,Block Island,US-RI,United States,Block Island State Airport,,
2,3,KTS,Brevig Mission,US-AK,United States,Brevig Mission Airport,,
2,3,BKC,Buckland,US-AK,United States,Buckland Airport,,
2,3,CWS,Center Island,US-WA,United States,Center Island Airport,,
2,3,CEM,Central,US-AK,United States,Central Airport,,
2,3,CIK,Chalkyitsik,US-AK,United States,Chalkyitsik Airport,,
2,3,CYF,Chefornak,US-AK,United States,Chefornak Airport,,
2,3,NCN,Chenega,US-AK,United States,Chenega Bay Airport,,
2,3,VAK,Chevak,US-AK,United States,Chevak Airport,,
2,3,CKX,Chicken,US-AK,United States,Chicken Airport,,
2,3,KCG,Chignik,US-AK,United States,Chignik Airport,,
2,3,KCQ,Chignik Lake,US-AK,United States,Chignik Lake Airport,,
2,3,CHU,Chuathbaluk,US-AK,United States,Chuathbaluk Airport,,
2,3,IRC,Circle,US-AK,United States,Circle City (New) Airport,,
2,3,CLP,Clarks Point,US-AK,United States,Clarks Point Airport,,
2,3,CKD,Crooked Creek,US-AK,United States,Crooked Creek Airport,,
2,3,DTR,Decatur,US-WA,United States,Decatur Shores Airport,,
2,3,EAA,Eagle,US-AK,United States,Eagle Airport,,
2,3,WDN,Eastsound,US-WA,United States,Waldron Airstrip,,
2,3,EEK,Eek,US-AK,United States,Eek Airport,,
2,3,ELI,Elim,US-AK,United States,Elim Airport,,
2,3,KFP,False Pass,US-AK,United States,False Pass Airport,,
2,3,SSW,Friday Harbor,US-WA,United States,Stuart Island Airpark,,
2,3,GLV,Golovin,US-AK,United States,Golovin Airport,,
2,3,GNU,Goodnews,US-AK,United States,Goodnews Airport,,
2,3,KGX,Grayling,US-AK,United States,Grayling Airport,,
2,3,HNH,Hoonah,US-AK,United States,Hoonah Airport,,
2,3,HPB,Hooper Bay,US-AK,United States,Hooper Bay Airport,,
2,3,HUS,Hughes,US-AK,United States,Hughes Airport,,
2,3,IGG,Igiugig,US-AK,United States,Igiugig Airport,,
2,3,IWD,Ironwood,US-MI,United States,Gogebic Iron County Airport,,
2,3,LUP,Kalaupapa,US-HI,United States,Kalaupapa Airport,,
2,3,KLG,Kalskag,US-AK,United States,Kalskag Airport,,
2,3,KAL,Kaltag,US-AK,United States,Kaltag Airport,,
2,3,KYK,Karluk,US-AK,United States,Karluk Airport,,
2,3,KUK,Kasigluk,US-AK,United States,Kasigluk Airport,,
2,3,KVC,King Cove,US-AK,United States,King Cove Airport,,
2,3,KPN,Kipnuk,US-AK,United States,Kipnuk Airport,,
2,3,KVL,Kivalina,US-AK,United States,Kivalina Airport,,
2,3,OBU,Kobuk,US-AK,United States,Kobuk Airport,,
2,3,KNK,Kokhanok,US-AK,United States,Kokhanok Airport,,
2,3,KGK,Koliganek,US-AK,United States,Koliganek Airport,,
2,3,KKH,Kongiganak,US-AK,United States,Kongiganak Airport,,
2,3,KOT,Kotlik,US-AK,United States,Kotlik Airport,,
2,3,KKA,Koyuk,US-AK,United States,Koyuk Alfred Adams Airport,,
2,3,KYU,Koyukuk,US-AK,United States,Koyukuk Airport,,
2,3,KWT,Kwethluk,US-AK,United States,Kwethluk Airport,,
2,3,KWK,Kwigillingok,US-AK,United States,Kwigillingok Airport,,
2,3,KLN,Larsen Bay,US-AK,United States,Larsen Bay Airport,,
2,3,LPS,Lopez,US-WA,United States,Lopez Island Airport,,
2,3,MBL,Manistee,US-MI,United States,Manistee County Blacker Airport,,
2,3,MLY,Manley Hot Springs,US-AK,United States,Manley Hot Springs Airport,,
2,3,KMO,Manokotak,US-AK,United States,Manokotak Airport,,
2,3,MLL,Marshall,US-AK,United States,Marshall Don Hunter Sr Airport,,
2,3,MVY,Martha's Vineyard,US-MA,United States,Martha's Vineyard Airport,,
2,3,MYK,May Creek,US-AK,United States,May Creek Airport,,
2,3,WWT,Mertarvik,US-AK,United States,Mertarvik Airport,,
2,3,LMA,Minchumina,US-AK,United States,Minchumina Airport,,
2,3,MNT,Minto,US-AK,United States,Minto Al Wright Airport,,
2,3,MTP,Montauk,US-NY,United States,Montauk Airport,,
2,3,MOU,Mountain Village,US-AK,United States,Mountain Village Airport,,
2,3,KEB,Nanwalek,US-AK,United States,Nanwalek Airport,,
2,3,WNA,Napakiak,US-AK,United States,Napakiak Airport,,
2,3,PKA,Napaskiak,US-AK,United States,Napaskiak Airport,,
2,3,NLG,Nelson Lagoon,US-AK,United States,Nelson Lagoon Airport,,
2,3,KNW,New Stuyahok,US-AK,United States,New Stuyahok Airport,,
2,3,NME,Nightmute,US-AK,United States,Nightmute Airport,,
2,3,NIB,Nikolai,US-AK,United States,Nikolai Airport,,
2,3,IKO,Nikolski,US-AK,United States,Nikolski Air Station,,
2,3,WTK,Noatak,US-AK,United States,Noatak Airport,,
2,3,ORV,Noorvik,US-AK,United States,Robert (Bob) Curtis Memorial Airport,,
2,3,NUL,Nulato,US-AK,United States,Nulato Airport,,
2,3,SXP,Nunam Iqua,US-AK,United States,Nunam Iqua Airport,,
2,3,NUP,Nunapitchuk,US-AK,United States,Nunapitchuk Airport,,
2,3,OLH,Old Harbor,US-AK,United States,Old Harbor Airport,,
2,3,KOZ,Ouzinkie,US-AK,United States,Ouzinkie Airport,,
2,3,PDB,Pedro Bay,US-AK,United States,Pedro Bay Airport,,
2,3,KPV,Perryville,US-AK,United States,Perryville Airport,,
2,3,PIP,Pilot Point,US-AK,United States,Pilot Point Airport,,
2,3,PQS,Pilot Station,US-AK,United States,Pilot Station Airport,,
2,3,PHO,Point Hope,US-AK,United States,Point Hope Airport,,
2,3,PTA,Port Alsworth,US-AK,United States,Port Alsworth Airport,,
2,3,PGM,Port Graham,US-AK,United States,Port Graham Airport,,
2,3,ORI,Port Lions,US-AK,United States,Port Lions Airport,,
2,3,KWN,Quinhagak,US-AK,United States,Quinhagak Airport,,
2,3,RMP,Rampart,US-AK,United States,Rampart Airport,,
2,3,RDV,Red Devil,US-AK,United States,Red Devil Airport,,
2,3,RCE,Roche Harbor,US-WA,United States,Roche Harbor Airport,,
2,3,RSH,Russian Mission,US-AK,United States,Russian Mission Airport,,
2,3,SCM,Scammon Bay,US-AK,United States,Scammon Bay Airport,,
2,3,WLK,Selawik,US-AK,United States,Selawik Airport,,
2,3,SOV,Seldovia,US-AK,United States,Seldovia Airport,,
2,3,SKK,Shaktoolik,US-AK,United States,Shaktoolik Airport,,
2,3,SHH,Shishmaref,US-AK,United States,Shishmaref Airport,,
2,3,SHG,Shungnak,US-AK,United States,Shungnak Airport,,
2,3,SGY,Skagway,US-AK,United States,Skagway Airport,,
2,3,SLQ,Sleetmute,US-AK,United States,Sleetmute Airport,,
2,3,WSN,South Naknek,US-AK,United States,South Naknek Number 2 Airport,,
2,3,KSM,St Mary's,US-AK,United States,St Mary's Airport,,
2,3,SMK,St Michael,US-AK,United States,St Michael Airport,,
2,3,WBB,Stebbins,US-AK,United States,Stebbins Airport,,
2,3,SVS,Stevens Village,US-AK,United States,Stevens Village Airport,,
2,3,SRV,Stony River,US-AK,United States,Stony River 2 Airport,,
2,3,TCT,Takotna,US-AK,United States,Takotna Airport,,
2,3,TAL,Tanana,US-AK,United States,Ralph M Calhoun Memorial Airport,,
2,3,TEK,Tatitlek,US-AK,United States,Tatitlek Airport,,
2,3,TLA,Teller,US-AK,United States,Teller Airport,,
2,3,TNC,Tin City,US-AK,United States,Tin City Long Range Radar Station Airport,,
2,3,TOG,Togiak Village,US-AK,United States,Togiak Airport,,
2,3,TKJ,Tok,US-AK,United States,Tok Junction Airport,,
2,3,OOK,Toksook Bay,US-AK,United States,Toksook Bay Airport,,
2,3,TLT,Tuluksak,US-AK,United States,Tuluksak Airport,,
2,3,WTL,Tuntutuliak,US-AK,United States,Tuntutuliak Airport,,
2,3,TNK,Tununak,US-AK,United States,Tununak Airport,,
2,3,TWA,Twin Hills,US-AK,United States,Twin Hills Airport,,
2,3,VEE,Venetie,US-AK,United States,Venetie Airport,,
2,3,WAA,Wales,US-AK,United States,Wales Airport,,
2,3,WMO,White Mountain,US-AK,United States,White Mountain Airport,,
2,3,CYT,Yakataga,US-AK,United States,Yakataga Airport,,
2,3,KSQ,Karshi,UZ-QA,Uzbekistan,Karshi Airport,,
2,3,CCV,Craig Cove,VU-MAP,Vanuatu,Craig Cove Airport,,
2,3,VLS,Epi Island,VU-SEE,Vanuatu,Valesdir Airport,,
2,3,FTA,Futuna Island,VU-TAE,Vanuatu,Futuna Airport,,
2,3,LPM,Lamap,VU-MAP,Vanuatu,Lamap Airport,,
2,3,LNB,Lamen Bay,VU-SEE,Vanuatu,Lamen Bay Airport,,
2,3,LOD,Longana,VU-PAM,Vanuatu,Longana Airport,,
2,3,LNE,Lonorore,VU-PAM,Vanuatu,Lonorore Airport,,
2,3,NUS,Norsup,VU-MAP,Vanuatu,Norsup Airport,,
2,3,OLJ,Olpoi,VU-SAM,Vanuatu,North West Santo Airport,,
2,3,PBJ,Paama Island,VU-MAP,Vanuatu,Tavie Airport,,
2,3,SSR,Pentecost Island,VU-PAM,Vanuatu,Sara Airport,,
2,3,SLH,Sola,VU-TOB,Vanuatu,Sola Airport,,
2,3,TGH,Tongoa Island,VU-SEE,Vanuatu,Tongoa Airport,,
2,3,WLH,Walaha,VU-PAM,Vanuatu,Walaha Airport,,
2,3,LRV,Gran Roque Island,VE-W,Venezuela,Los Roques Airport,,
2,3,ICC,Isla de Coche,VE-O,Venezuela,Andrés Miguel Salazar Marcano Airport,,
2,3,VCL,Tam Nghĩa,VN-SCC,Vietnam,Chu Lai Airport,,
2,3,THD,Thanh Hóa,VN-NC,Vietnam,Tho Xuan Airport,,
2,3,FUT,Futuna Island,WF-U-A,Wallis & Futuna,Pointe Vele Airport,,
2,3,KAA,Kasama,ZM-05,Zambia,Kasama Airport,,
2,3,SLI,Solwesi,ZM-06,Zambia,Solwesi Airport,,
